scientific_name,common_name,reserve_name,decimal_latitude,decimal_longitude,date_of_observation,plant_growth_form
Abutilon oxycarpum,,Not in a reserve,-33.916667,151.116667,11/12/1971 0:00,herb (4); shrub (6)
Abutilon spp.,Indian mallow,Amaroo,-33.908,150.982962,1/5/2004 12:00,
Abutilon theophrasti,Chingma Lantern,Not in a reserve,-33.977766,150.996904,3/4/2020 0:00,herb (4); shrub (3)
Acacia burkittii,Sandhill Wattle,Not in a reserve,-33.9152971,151.0926061,20/11/1970 0:00,shrub (10); tree (4)
Acacia buxifolia,,Not in a reserve,-33.977778,150.996944,10/8/2016 0:00,shrub (6); tree (1)
Acacia buxifolia,,Not in a reserve,-33.977766,150.996904,3/4/2020 0:00,shrub (6); tree (1)
Acacia bynoeana,,Not in a reserve,-33.910117,151.108264,1/4/1913 0:00,shrub (4)
Acacia bynoeana,,Not in a reserve,-33.916667,151.116667,,shrub (4)
Acacia cultriformis,,Not in a reserve,-33.977766,150.996904,3/4/2020 0:00,shrub (5)
Acacia dealbata,Silver Wattle,Not in a reserve,-33.939102,151.098629,4/6/2023 13:55,shrub (7); tree (14)
Acacia dealbata,Silver Wattle,Not in a reserve,-33.939102,151.098629,4/6/2023 13:57,shrub (7); tree (14)
Acacia elongata,,Not in a reserve,-33.97108,150.99627,7/12/2007 0:00,shrub (8); tree (2)
Acacia elongata,,Lambeth Reserve,-33.971972,150.997378,7/12/2007 0:00,shrub (8); tree (2)
Acacia falciformis,,Flood Reserve,-33.93576,151.02208,23/12/2007 0:00,shrub (7); tree (9)
Acacia genistifolia,,Not in a reserve,-33.917194,150.980194,6/11/2009 0:00,shrub (13); tree (1)
Acacia genistifolia,,Not in a reserve,-33.917222,150.980278,6/11/2009 0:00,shrub (13); tree (1)
Acacia iteaphylla,Flinders Range Wattle,Not in a reserve,-33.973008,151.002782,2/5/2022 12:19,shrub (7); tree (3)
Acacia iteaphylla,Flinders Range Wattle,Not in a reserve,-33.918972,151.119644,17/9/2024 10:40,shrub (7); tree (3)
Acacia linearifolia,,Not in a reserve,-33.973447,151.038284,28/5/2009 0:00,shrub (5); tree (7)
Acacia linearifolia,,Not in a reserve,-33.884245,150.993082,28/11/2023 0:00,shrub (5); tree (7)
Acacia maidenii,,Not in a reserve,-33.981389,151.006111,3/6/1996 0:00,shrub (3); tree (13)
Acacia maidenii,,Not in a reserve,-33.979836,151.007121,3/6/1996 0:00,shrub (3); tree (13)
Acacia melanoxylon,,Bellevue,-33.910871,150.998776,1/5/2004 12:00,
Acacia ramulosa,"horse mulga, bowgada wattle",Carysfield,-33.902185,150.998468,1/5/2004 12:00,
Acacia saliciformis,,Not in a reserve,-33.891781,151.03223,7/4/2018 0:00,shrub (5); tree (4)
Acacia schinoides,,Not in a reserve,-33.966686,151.041687,1/10/2009 0:00,shrub (6); tree (7)
Acalypha australis,,Not in a reserve,-33.913678,151.133612,27/3/2024 17:32,herb (3)
Acca sellowiana,Feijoa,Not in a reserve,-33.940064,150.995769,1/8/2022 0:00,
Acca sellowiana,Feijoa,Not in a reserve,-33.940454,150.995817,19/4/2023 0:00,
Acianthus caudatus,,Not in a reserve,-33.916667,151.116667,1897-08-15 00:00:00,herb (8)
Acianthus sp.,Mosquito Orchids,Salt Pan Reserve,-33.946515,151.039711,1/5/2004 12:00,
Acronychia oblongifolia,,Crest,-33.908539,150.99598,1/5/2004 12:00,
Adansonia gregorii,Boab,Not in a reserve,-33.905093,151.110658,10/8/2013 16:05,tree (7)
Adiantum spp.,maidenhair ferns,Lambeth Reserve,-33.971772,150.996708,1/5/2004 12:00,
Aeonium arboreum,Golden Tree Aeonium,Not in a reserve,-33.97061,151.02904,11/7/2023 0:00,shrub (5)
Aeonium arboreum,Golden Tree Aeonium,Not in a reserve,-33.970612,151.029036,11/7/2023 12:29,shrub (5)
Agapanthus sp.,"African lily, lily of the Nile",The River Reserve,-33.969546,151.016111,1/5/2004 12:00,
Ageratum houstonianum,Blue Billygoat Weed,Not in a reserve,-33.899467,151.059921,00:19.4,herb (3)
Agrostis billardieri,Coast Blown-Grass,Salt Pan Reserve,-33.946515,151.039711,1/5/2004 12:00,
Albizia lopantha,"Cape Leeuwin wattle, Bicol wattle, Cape wattle, Crested wattle, Brush wattle, plume albizia",Deepwater,-33.949066,150.976607,1/5/2004 12:00,
Alchornea ilicifolia,,Not in a reserve,-33.892342,151.032942,18/6/2019 0:00,shrub (4); tree (6)
Alectryon tomentosus,Hairy Bird's Eye,Salt Pan Reserve,-33.963093,151.04053,28/3/2019 0:00,tree (6)
Alisma spp.,water-plantains,Montgomery Reserve,-33.954794,151.020454,1/5/2004 12:00,
Allocasuarina diminuta,,Not in a reserve,-33.887222,151.053333,8/9/2016 0:00,shrub (3); tree (3)
Allocasuarina paludosa,,Not in a reserve,-33.971584,150.998656,28/8/2005 0:00,shrub (9)
Allocasuarina paludosa,,Not in a reserve,-33.973277,150.997486,28/8/2005 0:00,shrub (9)
Almaleea paludosa,Marsh Bush-pea,Jenson Pk,-33.883333,151.016667,1886-09-16 00:00:00,shrub (8)
Alocasia macrorrhizos,,Salt Pan Reserve,-33.946515,151.039711,1/5/2004 12:00,
Alocasia spp.,,Thomas Street Depot,-33.96590278,151.013035,1/5/2004 12:00,
Amaranthus macrocarpus,Large-fruit Amaranth,Not in a reserve,-33.91509,151.084491,18/5/1970 0:00,herb (9)
Amaranthus powellii,Powell's Amaranth,Not in a reserve,-33.916667,151.116667,,herb (4)
Amaranthus spp.,"amaranths, prostrate pigweed, love lies bleeding",Montgomery Reserve,-33.954794,151.020454,1/5/2004 12:00,
Amaranthus spp.,"amaranths, prostrate pigweed, love lies bleeding",Dalton Reserve,-33.919312,151.005854,1/5/2004 12:00,
Amarathus retroflexus,"amaranth pigweed, careless weed, common amaranth, green amaranth, redroot, redroot pigweed, rough pigweed, smooth pigweed",Norfolk Reserve,-33.893604,151.062656,1/5/2004 12:00,
Amphibromus neesii,Southern Swamp Wallaby-grass,Not in a reserve,-33.91509,151.084491,27/9/1969 0:00,graminoid (4); herb (3); tussock (2)
Amyema pendula,,Lansdowne,-33.897678,150.978699,3/10/2014 0:30,shrub (5)
Amyema pendula,,Lansdowne,-33.89425234,150.9770558,9/11/2023 12:00,shrub (5)
Anethum graveolens,Dill,Not in a reserve,-33.889668,151.047085,21/6/2024 7:58,herb (1)
Anigozanthos sp.,"kangaroo paw, cats-paws",Richardson Reserve,-33.963555,151.027909,1/5/2004 12:00,
Anthosachne kingiana,,Crest,-33.908333,150.991667,29/8/1995 0:00,graminoid (1); herb (1); tussock (2)
Anthosachne kingiana,,Crest,-33.90947,150.99401,10/12/2009 0:00,graminoid (1); herb (1); tussock (2)
Antigonon leptopus,Antigonon,Not in a reserve,-33.903703,151.120925,26/3/2025 11:41,climber (1); climber_herbaceous (2); herb (2)
Aotus ericoides,,Not in a reserve,-33.980556,151.008333,,shrub (10)
Apium leptophyllus,,Amaroo,-33.908,150.982962,1/5/2004 12:00,
Apium prostratum var. prostratum,,Lansdowne,-33.9,150.97,2/11/1997 0:00,herb (4)
Archontophoenix spp.,King Palm,Lambeth Reserve,-33.971772,150.996708,1/5/2004 12:00,
Archontophoenix spp.,King Palm,Little Salt Pan Creek Reserve,-33.96882,151.029014,1/5/2004 12:00,
Aristida benthamii,,Picnic Point Reserve,-33.977563,150.996147,1/5/2004 12:00,
Aristida calycina,,Not in a reserve,-33.933333,151.033333,12/10/1957 0:00,graminoid (5); herb (3); tussock (3)
Artemisia verlotiorum,Chinese Wormwood,Lansdowne,-33.901321,150.974106,26/11/2023 14:14,herb (4)
Artemisia verlotiorum,Chinese Wormwood,Not in a reserve,-33.891655,151.045581,31/1/2025 8:47,herb (4)
Arthropodium sp. b,Vanilla Lily,"Lot 5, Prescot Parade Prescot Parade",-33.9447853,150.9769274,1/5/2004 12:00,
Arthropodium sp. b,Vanilla Lily,Crest,-33.908539,150.99598,1/5/2004 12:00,
Asparagus sp. ,Asparagus fern,Crest,-33.908539,150.99598,1/5/2004 12:00,
Asparagus sp. ,Asparagus fern,Bellevue,-33.910871,150.998776,1/5/2004 12:00,
Aspidistra elatior.,Cast Iron Plant,Lambeth Reserve,-33.971772,150.996708,1/5/2004 12:00,
Asplenium flabellifolium,,Alma Reserve,-33.963313,151.038039,1/5/2004 12:00,
Asterolasia correifolia,,Not in a reserve,-33.9667,151.0167,7/10/1987 0:00,shrub (6); tree (1)
Atriplex sp.,Saltbush,Picnic Point Reserve,-33.977563,150.996147,1/5/2004 12:00,
Atriplex sp.,Saltbush,Kelso Creek,-33.950301,150.984015,1/5/2004 12:00,
Austrocylindropuntia cylindrica,Cane Cactus,Not in a reserve,-33.94,151.06,21/12/2023 0:00,shrub (5)
Austrodanthonia spp.,Wallaby grass,Cox Reserve,-33.969139,151.021958,1/5/2004 12:00,
Austrostipa bigeniculata,Tall Spear-grass,Crest,-33.908539,150.99598,1/5/2004 12:00,
Austrostipa elegantissima,Feather Spear-grass,Not in a reserve,-33.9152971,151.0926061,20/11/1970 0:00,graminoid (6); graminoid_not_tussock (2); herb (5); tussock (2)
Austrostipa rudis subsp. nervosa,Veined Spear-grass,Lansdowne,-33.89269,150.97436,1/12/2009 0:00,graminoid (3); herb (5); tussock (4)
Austrostipa rudis subsp. nervosa,Veined Spear-grass,Lansdowne,-33.893524,150.977165,7/11/2014 0:00,graminoid (3); herb (5); tussock (4)
Austrostipa scaber ssp. falcata,,Smith Park,-33.958369,150.990262,1/5/2004 12:00,
Avicennia marina subsp. australasica,Grey Mangrove,Lansdowne,-33.896033,150.968563,18/8/2010 0:00,shrub (6); tree (4)
Avicennia marina subsp. australasica,Grey Mangrove,Lansdowne,-33.900745,150.973633,10/8/2024 15:17,shrub (6); tree (4)
Azolla pinnata,,Crest,-33.908539,150.99598,1/5/2004 12:00,
Azolla pinnata,,Lansdowne,-33.896245,150.978391,1/5/2004 12:00,
Baeckea diosmifolia,,Not in a reserve,-33.97447,151.007351,14/12/2010 0:00,shrub (7)
Baeckea diosmifolia,,Not in a reserve,-33.976092,151.007833,14/12/2010 0:00,shrub (7)
Baeckea linifolia,,Not in a reserve,-33.916667,151.1,1898-12-20 00:00:00,shrub (8)
Baeckea linifolia,,Not in a reserve,-33.975354,151.014106,21/2/2022 13:24,shrub (8)
Banksia aemula,,Not in a reserve,-33.971306,151.033611,30/3/2018 0:00,shrub (5); tree (5)
Banksia aemula,,Not in a reserve,-33.971306,151.033611,30/3/2018 0:00,shrub (5); tree (5)
Banksia juncea,Slender Banksia,Virginius Reserve,-33.960678,151.022552,1/5/2004 12:00,
Banksia robur,Swamp Broad-leaved Banksia,Not in a reserve,-33.9453,151.047582,29/8/2021 12:58,shrub (6)
Banksia robur,Swamp Broad-leaved Banksia,Not in a reserve,-33.914705,151.120725,17/11/2024 11:35,shrub (6)
Basella alba,Indian Spinach,Not in a reserve,-33.95,151,17/5/2011 0:00,climber (1); climber_herbaceous (2); herb (1)
Begonia cucullata,,Not in a reserve,-33.915924,151.097203,17/4/2020 13:59,herb (1)
Begonia cucullata,,Not in a reserve,-33.926797,151.068314,21/11/2024 17:55,herb (1)
Billardiera mutabilis,Common Apple-berry,Not in a reserve,-33.916667,151.05,13/9/2007 0:00,climber (2); climber_woody (2); shrub (3)
Billardiera mutabilis,Common Apple-berry,Not in a reserve,-33.8896,151.033427,10/7/2024 13:54,climber (2); climber_woody (2); shrub (3)
Blechnum ambiguum,,Little Salt Pan Creek Reserve,-33.96882,151.029014,1/5/2004 12:00,
Blechnum camfieldii,,Salt Pan Reserve,-33.946515,151.039711,1/5/2004 12:00,
Blechnum cartilagineum,,Little Salt Pan Creek Reserve,-33.96882,151.029014,1/5/2004 12:00,
Boronia anemonifolia,,Not in a reserve,-33.9,151.116667,,shrub (6)
Boronia barkeriana,,Not in a reserve,-33.91509,151.084491,1886-10-01 00:00:00,shrub (3)
Boronia ledifolia,,Not in a reserve,-33.970898,151.026255,21/4/1999 0:00,shrub (12)
Boronia polygalifolia,,Smith Park,-33.958369,150.990262,1/5/2004 12:00,
Boronia polygalifolia,,Salt Pan Reserve,-33.946515,151.039711,1/5/2004 12:00,
Bossiaea buxifolia,,Lansdowne,-33.900035,150.980159,7/3/2008 0:00,"shrub, shrub (5)"
Bossiaea ensata,,Not in a reserve,-33.91509,151.084491,1893-09-01 00:00:00,shrub (10)
Bossiaea rhombifolia,,Not in a reserve,-33.974555,151.029417,15/4/1999 0:00,shrub (5)
Bossiaea scolopendria,,Not in a reserve,-33.972536,151.037905,14/12/2010 0:00,shrub (4)
Bossiaea scolopendria,,Not in a reserve,-33.916667,151.1,,shrub (4)
Bossiaea sp.,Bossiaea,Thomas Street Depot,-33.96590278,151.013035,1/5/2004 12:00,
Bossiaea sp.,Bossiaea,Salt Pan Reserve,-33.946515,151.039711,1/5/2004 12:00,
Bossiaea stephensonii,,Monash Reserve,-33.963992,150.988145,1/5/2004 12:00,
Bothriochloa decipiens var. decipiens,,Lansdowne,-33.894106,150.975281,6/11/2014 0:00,graminoid (1); graminoid_not_tussock (1); tussock (1)
Bougainvillea glabra,,Lansdowne,-33.895905,150.967885,11/12/2009 0:00,
Bougainvillea sp.,Bougainvillea,Kelso Beach,-33.953352,150.98246,1/5/2004 12:00,
Brachyscome graminea,,Deepwater,-33.949066,150.976607,1/5/2004 12:00,herb (10)
Brachyscome graminea,,Deepwater,-33.951203,150.979839,18/7/2022 23:27,herb (10)
Brachysema lanceolata,,Alma Reserve,-33.963313,151.038039,1/5/2004 12:00,
Brassica sp.,Mustard,Cox Reserve,-33.969139,151.021958,1/5/2004 12:00,
Briza major,Quaking Grass,Amaroo,-33.908,150.982962,1/5/2004 12:00,
Briza major,Quaking Grass,Lansdowne,-33.896245,150.978391,1/5/2004 12:00,
Bromeliad sp.,Bromeliad,Little Salt Pan Creek Reserve,-33.96882,151.029014,1/5/2004 12:00,
Buckinghamia celsissima,Ivory Curl Flower,Deepwater,-33.949066,150.976607,1/5/2004 12:00,
Bulbophyllum globuliforme,Miniature Mossorchid,Not in a reserve,-33.9,151,12/9/1948 0:00,herb (3)
Bulbophyllum globuliforme,Miniature Mossorchid,Not in a reserve,-33.9,151,19/10/1955 0:00,herb (3)
Caesia sp.,Caesia,Manahan Reserve,-33.92033,151.006218,1/5/2004 12:00,
Caesia sp.,Caesia,Airport Reserve,-33.929014,150.985006,1/5/2004 12:00,
Caladenia alata,,Not in a reserve,-33.975,151,18/9/2007 0:00,herb (7)
Caladenia capillata,White Daddy-long-legs,Not in a reserve,-33.916667,151.116667,10/10/1903 0:00,herb (6)
Caladenia capillata,White Daddy-long-legs,Not in a reserve,-33.916667,151.1,,herb (6)
Caladenia fuscata,,Not in a reserve,-33.977113,151.009022,23/9/2019 10:21,herb (5)
Caladenia fuscata,,Not in a reserve,-33.976457,151.008998,23/9/2019 11:00,herb (5)
Caladenia paludosus,Swamp Spider Orchid,Deepwater,-33.949066,150.976607,1/5/2004 12:00,
Calandrinia pickeringii,,East Hills Park,-33.96446,150.982875,1/5/2004 12:00,herb (4)
Calandrinia pickeringii,,Kelso Creek,-33.95,150.983333,15/12/2005 0:00,herb (4)
Callistemon comboynensis,Cliff Bottlebrush,Not in a reserve,-33.91509,151.084491,1/4/1943 0:00,shrub (4)
Callistemon pachyphyllus,Wallum Bottlebrush,Not in a reserve,-33.91509,151.084491,1/11/1918 0:00,shrub (4)
Callistemon pallidus,Lemon Bottlebrush,Not in a reserve,-33.916667,151.083333,3/2/1900 0:00,shrub (6); tree (2)
Callistemon pallidus,Lemon Bottlebrush,Not in a reserve,-33.915692,151.129486,22/3/2024 18:03,shrub (6); tree (2)
Callitris rhomboidea,,Picnic Point Reserve,-33.977563,150.996147,1/5/2004 12:00,
Callitris spp.,Cypress Pine,Virginius Reserve,-33.960678,151.022552,1/5/2004 12:00,
Calochilus campestris,,Not in a reserve,-33.916667,151.116667,1897-09-12 00:00:00,herb (10)
Calochilus campestris,,Not in a reserve,-33.975941,151.008207,23/9/2019 11:09,herb (10)
Calochilus gracillimus,,Not in a reserve,-33.926959,151.141425,16/1/2022 15:46,herb (6)
Calystegia sepium,Hedge Bindweed,Kelso Creek,-33.950301,150.984015,1/5/2004 12:00,
Calystegia silvatica,Greater Bindweed,Not in a reserve,-33.917197,151.086472,4/9/2022 11:23,climber_herbaceous (1); herb (3)
Calystegia silvatica,Greater Bindweed,Not in a reserve,-33.91719,151.086436,4/9/2022 11:26,climber_herbaceous (1); herb (3)
Campsis radicans,,Not in a reserve,-33.890251,151.034424,15/10/2024 9:15,climber (1); climber_woody (2); shrub (1)
Canna generalis,,Not in a reserve,-33.96926,151.044229,29/5/2008 0:00,
Capillipedium parviflorum,,Salt Pan Reserve,-33.946515,151.039711,1/5/2004 12:00,graminoid (3); herb (3); tussock (2)
Capillipedium parviflorum,,Not in a reserve,-33.888269,151.029949,17/12/2013 0:00,graminoid (3); herb (3); tussock (2)
Capparis mitchellii,Native Orange,Crest,-33.909349,150.994229,8/10/2004 0:00,shrub (9); tree (7)
Cardamine occulta,Flick Weed,Not in a reserve,-33.9763297,151.0042039,5/8/2007 0:00,herb (3)
Carduus nutans,Nodding Thistle,Not in a reserve,-33.94,151.05,24/11/2021 0:00,herb (7)
Carex pumila,,Not in a reserve,-33.966667,151.016667,18/12/1997 0:00,graminoid (6); herb (5); tussock (1)
Carex pumila,,Not in a reserve,-33.97194,151.03287,7/12/2007 0:00,graminoid (6); herb (5); tussock (1)
Carica papaya,Papaya,The River Reserve,-33.969546,151.016111,1/5/2004 12:00,
Cassia sp.,Cassia,"Lot 5, Prescot Parade Prescot Parade",-33.9447853,150.9769274,1/5/2004 12:00,
Cassine australis,Red Olive Berry,Marion Reserve,-33.914839,151.010151,1/5/2004 12:00,
Cassine australis,Red Olive Berry,Crest,-33.908539,150.99598,1/5/2004 12:00,
Cassine spp.,Olive Berry,Marion Reserve,-33.914839,151.010151,1/5/2004 12:00,
Cassinia denticulata,,Not in a reserve,-33.91509,151.084491,27/11/1927 0:00,shrub (4)
Cassinia laevis,,Carysfield,-33.902161,150.998009,28/4/2008 0:00,shrub (10)
Cassinia longifolia,,Not in a reserve,-33.916667,151.1,1886-11-27 00:00:00,shrub (7)
Cassinia longifolia,,Lansdowne,-33.896245,150.978391,1/5/2004 12:00,shrub (7)
Cassinia ochracea,,Not in a reserve,-33.892993,151.045921,5/9/2014 0:00,shrub (2)
Cassinia sp.,Cassinia,Carysfield,-33.902185,150.998468,1/5/2004 12:00,
Cassinia trinerva,,Not in a reserve,-33.981062,150.99961,22/6/1999 0:00,shrub (8); tree (5)
Cassinia trinerva,,Not in a reserve,-33.981062,150.99961,22/6/1999 0:00,shrub (8); tree (5)
Cassytha phaeolasia,Rusty Dodder-laurel,Not in a reserve,-33.916667,151.066667,,climber (1); climber_herbaceous (2); herb (2)
Casuarina cuneifolia,,Amaroo,-33.908,150.982962,1/5/2004 12:00,
Caustis recurvata,Curly Wig,The River Reserve,-33.969546,151.016111,1/5/2004 12:00,
Centaurea cyanus,Cornflower,Not in a reserve,-33.921858,151.14649,21/10/2022 15:46,herb (2)
Centella cordifolia,,Adept Lane Reserve,-33.930189,151.035261,1/5/2004 12:00,herb (6)
Centella cordifolia,,Not in a reserve,-33.897071,151.029586,5/6/2006 0:00,herb (6)
Cerastium holosteoidesn,Mouse-ear Chickweed,Norfolk Reserve,-33.893604,151.062656,1/5/2004 12:00,
Cereus hildmannianus,,Miram-Beena,-33.894828,150.96968,21/12/2023 8:46,shrub (1)
Chamaesyce drummondii,Flat Spurge,Kelso Creek,-33.950301,150.984015,1/5/2004 12:00,
Chamaesyce sp.,Spurge,Louisa,-33.905454,150.999701,1/5/2004 12:00,
Cheilanthes austrotenuifolia,,Thomas Street Depot,-33.96590278,151.013035,1/5/2004 12:00,
Cheilanthes austrotenuifolia,,Ashford Reserve,-33.930003,150.984825,1/5/2004 12:00,
Chenopodium spp.,Goosefoot,Roberts Road Reserve,-33.90619,151.065494,1/5/2004 12:00,
Chloris barbata,Purpletop Chloris,Not in a reserve,-33.929167,151.136667,16/10/1995 4:32,graminoid (3); herb (2); tussock (2)
Chloris spp.,Windmill Grass,Manahan Reserve,-33.92033,151.006218,1/5/2004 12:00,
Chondrilla juncea,Rush Skeletonweed,The River Reserve,-33.969546,151.016111,1/5/2004 12:00,
Chondrilla juncea,Rush Skeletonweed,Picnic Point Reserve,-33.977563,150.996147,1/5/2004 12:00,
Choretrum candollei,,Churchill Reserve,-33.969913,151.028269,1/5/2004 12:00,
Christella dentata,,Salt Pan Reserve,-33.946515,151.039711,1/5/2004 12:00,
Cissus alata,Water Vine,Not in a reserve,-33.912606,151.034377,21/3/2022 0:00,
Clivea sp.,Clivia,Richardson Reserve,-33.963555,151.027909,1/5/2004 12:00,
Cochlospermum fraseri,Kapok Bush,Not in a reserve,-33.917927,151.08845,29/3/2015 16:27,climber_herbaceous (1); shrub (4); tree (10)
Cochlospermum fraseri,Kapok Bush,Not in a reserve,-33.926294,151.075148,24/3/2017 17:02,climber_herbaceous (1); shrub (4); tree (10)
Cocos spp.,Coconut Palm,Little Salt Pan Creek Reserve,-33.96882,151.029014,1/5/2004 12:00,
Colocasia esculenta,Taro,Salt Pan Reserve,-33.955289,151.040267,22/10/2021 13:43,geophyte (1); herb (7)
Colocasia esculenta,Taro,Not in a reserve,-33.971278,151.040603,8/11/2022 15:10,geophyte (1); herb (7)
Comesperma ericinum,,Not in a reserve,-33.980556,151.008333,,shrub (12); subshrub (1)
Comesperma sphaerocarpum,,Not in a reserve,-33.9167,151.0167,,herb (2); shrub (2); subshrub (1)
Commelina diffusa,,Lansdowne,-33.89297001,150.9768421,23/10/2024 12:00,
Commersonia fraseri,Brush Kurrajong,Norfolk Reserve,-33.893604,151.062656,1/5/2004 12:00,
Commersonia rugosa,,Lansdowne,-33.900638,150.966746,17/9/2009 0:00,
Conospermum ericifolium,,Not in a reserve,-33.928986,151.024518,1/6/2000 0:00,shrub (4); subshrub (1)
Conospermum ericifolium,,Not in a reserve,-33.916667,151.1,,shrub (4); subshrub (1)
Conospermum taxifolium,Variable Smoke-bush,Not in a reserve,-33.91509,151.084491,1802-01-01 00:00:00,shrub (11)
Convolvulus angustissimus,Blushing Bindweed,Not in a reserve,-33.890792,151.033782,15/10/2024 9:13,climber (1); climber_herbaceous (1); herb (4)
Convolvulus arvensis,Common Bindweed,Not in a reserve,-33.884245,150.993082,28/11/2023 0:00,herb (5); shrub (1)
Convolvulus arvensis,Common Bindweed,Not in a reserve,-33.89015,151.03269,28/5/2024 0:00,herb (5); shrub (1)
Conza albida,Tall Fleabane,Virginius Reserve,-33.960678,151.022552,1/5/2004 12:00,
Coprosma repens,Mirror Bush,Virginius Reserve,-33.960678,151.022552,1/5/2004 12:00,shrub (6); tree (4)
Coprosma repens,Mirror Bush,Not in a reserve,-33.94678,151.02494,55:47.7,shrub (6); tree (4)
Cordyline stricta,,Not in a reserve,-33.97967,151.00081,23/4/2009 0:00,shrub (6)
Cordyline stricta,,Not in a reserve,-33.935253,150.9881,27/6/2020 0:00,shrub (6)
Coronidium elatum,,Not in a reserve,-33.915713,151.128053,19/9/2023 17:50,herb (1); shrub (4); subshrub (2)
Correa baeuerlenii,Chef's Cap,Not in a reserve,-33.902233,151.092651,08:35.4,shrub (4)
Corybas fimbriatus,,Lansdowne,-33.9,150.983333,26/4/1955 0:00,herb (6)
Corymbia calophylla,Marri,Not in a reserve,-33.917985,151.088586,25/3/2015 0:22,mallee (1); tree (8)
Corymbia calophylla,Marri,Not in a reserve,-33.888702,151.016994,29/3/2015 15:01,mallee (1); tree (8)
Cotoneaster coriaceus,Milk-flower Cotoneaster,Not in a reserve,-33.906258,151.121524,5/4/2019 14:11,shrub (1)
Cotula leptinella,,Kelso Creek,-33.950301,150.984015,1/5/2004 12:00,
Crassula decumbens,,Monash Reserve,-33.963992,150.988145,1/5/2004 12:00,
Crassula helmsii,,Not in a reserve,-33.916667,151.116667,,herb (6)
Crassula sp. tetramera,,Monash Reserve,-33.963992,150.988145,1/5/2004 12:00,
Crataegus spp.,Hawthorn,Lambeth Reserve,-33.971772,150.996708,1/5/2004 12:00,
Crinum spp.,Crinum Lily,Richardson Reserve,-33.963555,151.027909,1/5/2004 12:00,
Cryptandra ericoides,,Not in a reserve,-33.916667,151.133333,1894-03-02 00:00:00,shrub (7); subshrub (1)
Cryptandra propinqua,,Lansdowne,-33.892402,150.976402,11/9/2009 0:00,"shrub, shrub (5)"
Cryptandra propinqua,,Not in a reserve,-33.976003,151.006005,11/9/2009 0:00,"shrub, shrub (5)"
Cryptostylis subulata,Large Tongue-orchid,Not in a reserve,-33.972442,151.013411,20/10/2019 12:49,herb (10)
Cryptostylis subulata,Large Tongue-orchid,Not in a reserve,-33.972122,151.012619,22/10/2022 12:58,herb (10)
Cucurbita moschata,Squash,Not in a reserve,-33.923631,151.072839,26/3/2024 18:21,
Cuscuta australis,Australian Dodder,Adept Lane Reserve,-33.930189,151.035261,1/5/2004 12:00,
Cuscuta australis,Australian Dodder,Lansdowne,-33.89297001,150.9768421,23/10/2024 12:00,
Cycnogeton microtuberosum,,Lansdowne,-33.898333,150.967778,15/2/1989 0:00,
Cycnogeton multifructum,,Not in a reserve,-33.916667,151.116667,11/11/1997 0:00,herb (5)
Cymbalaria muralis,Ivy-leaf Toadflax,Not in a reserve,-33.92694,151.14242,8/10/2019 0:00,herb (4)
Cymbalaria muralis,Ivy-leaf Toadflax,Not in a reserve,-33.91447,151.121685,17/11/2024 11:10,herb (4)
Cymbidium canaliculatum,Tiger Orchid,Not in a reserve,-33.9,151.1,15/11/1948 0:00,herb (6)
Cymbidium suave,,Not in a reserve,-33.929318,151.126874,14/10/2021 13:23,herb (6)
Cymbidium suave,,Not in a reserve,-33.975473,151.003852,3/1/2022 8:44,herb (6)
Cymbonotus lawsonianus,,Not in a reserve,-33.935253,150.9881,27/6/2020 0:00,herb (6)
Cymbopogon spp.,Lemongrass,Manahan Reserve,-33.92033,151.006218,1/5/2004 12:00,
Cyperus enervis,,Crest,-33.911035,150.996728,7/3/2008 0:00,graminoid (2); herb (1); tussock (1)
Cyperus mirus,,Not in a reserve,-33.9,151.116667,23/4/2012 0:00,graminoid (2); herb (1)
Cyperus odoratus,,Not in a reserve,-33.966667,151,2/4/2016 0:00,graminoid (2); herb (1)
Cyperus papyrus,Papyrus,Thomas Street Depot,-33.96590278,151.013035,1/5/2004 12:00,
Cyperus platystylis,,Not in a reserve,-33.966667,151,28/4/2018 0:00,graminoid (3); herb (2)
Cyperus platystylis,,Not in a reserve,-33.978142,151.003769,17/6/2018 0:00,graminoid (3); herb (2)
Cyperus tetraphyllus,,Not in a reserve,-33.9,151.016667,,graminoid (2); herb (2)
Dactyloctenium aegyptium,Coast Button Grass,Virginius Reserve,-33.958633,151.021552,9/3/2021 10:14,graminoid (4); herb (5); tussock (2)
Dactyloctenium aegyptium,Coast Button Grass,Lansdowne,-33.900544,150.968117,2/2/2022 7:51,graminoid (4); herb (5); tussock (2)
Darwinia fascicularis,,Not in a reserve,-33.978653,151.001309,15:40.0,shrub (5)
Daviesia genistifolia,,Airport Reserve,-33.928863,150.983869,6/3/2020 0:00,shrub (10); subshrub (1)
Daviesia squarrosa,,Not in a reserve,-33.883333,150.983333,,shrub (6)
Daviesia ulicifolia subsp. stenophylla,,Lansdowne,-33.899139,150.985245,4/11/2022 14:14,shrub (2)
Daviesia ulicifolia subsp. ulicifolia,Gorse Bitter-pea,Lansdowne,-33.899853,150.981232,4/11/2022 14:51,shrub (6)
Dendrobium delicatum,,Not in a reserve,-33.91509,151.084491,30/9/1949 0:00,
Dendrophthoe spp.,Mistletoe,Montgomery Reserve,-33.954794,151.020454,1/5/2004 12:00,
Desmodium eugenioides,,Amaroo,-33.908,150.982962,1/5/2004 12:00,
Desmodium spp.,Tick-trefoil,Bellevue,-33.910871,150.998776,1/5/2004 12:00,
Desmodium spp.,Tick-trefoil,Manahan Reserve,-33.92033,151.006218,1/5/2004 12:00,
Deyeuxia appressa,,Not in a reserve,-33.95,151.016667,9/11/1930 0:00,graminoid (3); herb (2)
Deyeuxia appressa,,Not in a reserve,-33.95862,151.036865,9/11/1930 0:00,graminoid (3); herb (2)
Dianella caerulea var. caerulea,,Lansdowne,-33.892471,150.977849,7/11/2014 0:00,herb (5); tussock (1)
Dianella prunina,,East Hills Park,-33.964295,150.982435,8/9/2015 0:00,herb (4)
Dianella prunina,,Not in a reserve,-33.966667,151.016667,,herb (4)
Dichanthium parva,Bluegrass,Carysfield,-33.902185,150.998468,1/5/2004 12:00,
Dichanthium repens,Creeping Bluegrass,Carysfield,-33.902185,150.998468,1/5/2004 12:00,
Dichanthium sp.,Bluegrass,Salt Pan Reserve,-33.946515,151.039711,1/5/2004 12:00,
Dichanthium sp.,Bluegrass,Carysfield,-33.902185,150.998468,1/5/2004 12:00,
Dichelachne inaequiglumis,,Carysfield,-33.902185,150.998468,1/5/2004 12:00,graminoid (4); herb (5); tussock (2)
Dichelachne inaequiglumis,,Adept Lane Reserve,-33.931844,151.036664,16/4/2009 0:00,graminoid (4); herb (5); tussock (2)
Dichelachne sieberiana,,Not in a reserve,-33.94,151.092778,21/11/1997 0:00,graminoid (3); herb (4); tussock (3)
Dichelachne sieberiana,,Smith Park,-33.958369,150.990262,1/5/2004 12:00,graminoid (3); herb (4); tussock (3)
Dichondra sp. inglewood (j.m.dalby 86/93),,East Hills Park,-33.96446,150.982875,1/5/2004 12:00,
Dietes robinsoniana,Lord Howe Wedding Lily,Crest,-33.909349,150.994229,8/10/2004 0:00,herb (3)
Digitaria aequiglumis,Argentinian Crabgrass,Not in a reserve,-33.973333,151.009444,27/2/1999 0:00,graminoid (5); herb (4)
Digitaria diffusa,,Marion Reserve,-33.915102,151.010099,17/3/2011 0:00,graminoid (3); graminoid_not_tussock (1); herb (3); tussock (1)
Digitaria velutina,Velvet Fingergrass,Not in a reserve,-33.940091,150.992827,3/5/2005 0:00,graminoid (2); herb (1)
Dillwynia elegans,,Not in a reserve,-33.966667,151,21/9/1996 0:00,shrub (3)
Dillwynia elegans,,Not in a reserve,-33.973277,151.013725,29/8/2023 16:22,shrub (3)
Dillwynia phylicoides,,Not in a reserve,-33.883333,150.983333,,shrub (9)
Dillwynia rudis,,Not in a reserve,-33.95,151.016667,29/6/1949 0:00,shrub (4)
Dimorphotheca fruticosa,Trailing African Daisy,Not in a reserve,-33.966686,151.041687,1/10/2009 0:00,herb (2); subshrub (3)
Dimorphotheca fruticosa,Trailing African Daisy,Not in a reserve,-33.917913,151.116308,4/4/2018 0:00,herb (2); subshrub (3)
Diospyros kaki,Persimmon,Deepwater,-33.949066,150.976607,1/5/2004 12:00,
Diplachne fusca,,Not in a reserve,-33.91509,151.084491,14/4/1931 0:00,graminoid (8); herb (7); tussock (5)
Diploglottis australis,,Not in a reserve,-33.977766,150.996904,3/4/2020 0:00,tree (5)
Diploglottis australis,,Not in a reserve,-33.912606,151.034377,21/3/2022 0:00,tree (5)
Diploglottis campbellii,Small-leaved Tamarind,Not in a reserve,-33.9,151,1/12/1931 0:00,tree (5)
Diuris punctata,Purple Donkey Orchid,Not in a reserve,-33.91509,151.084491,29/9/1948 0:00,herb (8)
Diuris punctata,Purple Donkey Orchid,Not in a reserve,-33.886564,150.995018,3/10/2022 16:44,herb (8)
Dizygotheca elegantissima,,Not in a reserve,-33.96926,151.044229,29/5/2008 0:00,
Dodonaea viscosa subsp. cuneata,,Lansdowne,-33.89425234,150.9770558,9/11/2023 12:00,shrub (12)
Doodia aspera,,Deepwater,-33.949066,150.976607,1/5/2004 12:00,
Dracaena fragrans,,Not in a reserve,-33.979568,150.997513,16/9/2021 14:37,
Drosera binata,Forked Sundew,Not in a reserve,-33.91509,151.084491,1899-09-01 00:00:00,herb (12)
Drosera binata,Forked Sundew,Not in a reserve,-33.930625,151.132489,7/2/2024 16:50,herb (12)
Drosera spp.,Sundew,Dilke Reserve,-33.972867,151.035019,1/5/2004 12:00,
Dysphania carinata,,Not in a reserve,-33.943214,150.972327,21/2/2015 0:00,herb (7)
Dysphania glomulifera,,Not in a reserve,-33.916667,151.066667,,herb (9)
Dysphania pumilio,,Deepwater,-33.947667,150.977167,22/1/2003 0:00,herb (11)
Echinopogon intermedius,,The Crest Reserve,-33.91092254,150.998445,6/11/2023 12:00,
Echinopogon spp.,Hedgehog Grass,East Hills Park,-33.96446,150.982875,1/5/2004 12:00,
Echinopogon spp.,Hedgehog Grass,Monash Reserve,-33.963992,150.988145,1/5/2004 12:00,
Egeria densa,Dense Waterweed,Not in a reserve,-33.94,151.04,21/12/2021 0:00,herb (4)
Eichhornia piperita,Water Hyacinth,Thomas Street Depot,-33.96590278,151.013035,1/5/2004 12:00,
Eilobium billardierianum ssp. cinereum,Willowherb,East Hills Park,-33.96446,150.982875,1/5/2004 12:00,
Einadia nutans spp. linifolia,Nodding Saltbush,Lansdowne,-33.896245,150.978391,1/5/2004 12:00,
Einadia nutans subsp. nutans,Climbing Saltbush,Lansdowne,-33.89495,150.97335,22/1/2003 0:00,herb (7)
Elaeocarpus grandis,Blue Quandong,Deepwater,-33.949066,150.976607,1/5/2004 12:00,
Eleocharis cylindrostachys,,Lansdowne,-33.896245,150.978391,1/5/2004 12:00,
Eleocharis cylindrostachys,,Crest,-33.908539,150.99598,1/5/2004 12:00,
Eleocharis equisetina,,Kelso Creek,-33.950301,150.984015,1/5/2004 12:00,
Eleocharis parvula,Dwarf Spikerush,Salt Pan Reserve,-33.946515,151.039711,1/5/2004 12:00,
Enteropogon acicularis,Spider Grass,Not in a reserve,-33.91509,151.084491,24/8/1968 0:00,graminoid (9); herb (3); tussock (5)
Entolasia whiteana,,Not in a reserve,-33.966667,151,,graminoid (1); herb (1); tussock (2)
Epacris obtusifolia,,Not in a reserve,-33.916667,151.066667,,shrub (10)
Epacris purpurascens var. purpurascens,Purple Heath,Louisa,-33.905454,150.999701,1/5/2004 12:00,shrub (3)
Epidendrum obrienianum,,Not in a reserve,-33.970708,151.028547,23/1/2022 13:22,
Epidendrum radicans,,Not in a reserve,-33.926836,151.146967,13/7/2021 14:27,herb (1)
Epidendrum radicans,,Not in a reserve,-33.970102,151.031194,9/6/2023 9:46,herb (1)
Epilobium billardiereanum,,Not in a reserve,-33.90416,150.980896,26/11/2023 13:14,herb (9)
Epilobium ciliatum,Glandular Willow-herb,Not in a reserve,-33.882164,151.009602,30/8/2023 11:06,herb (7)
Eragrostis elongata,,Kelso Creek,-33.95,150.983333,23/4/2000 0:00,graminoid (6); herb (5); tussock (3)
Eragrostis elongata,,Kelso Creek,-33.95,150.983333,23/4/2000 0:00,graminoid (6); herb (5); tussock (3)
Eragrostis laniflora,Hairy-flower Woollybutt,Not in a reserve,-33.905179,151.038241,8/3/2019 0:00,graminoid (4); graminoid_not_tussock (1); herb (3); tussock (2)
Eragrostis mexicana,,Lansdowne,-33.89495,150.97335,22/1/2003 0:00,graminoid (5); herb (5); tussock (2)
Eragrostis parviflora,,Not in a reserve,-33.876731,150.987901,28/5/1996 0:00,graminoid (7); herb (5); tussock (4)
Eragrostis parviflora,,Lansdowne,-33.89425234,150.9770558,9/11/2023 12:00,graminoid (7); herb (5); tussock (4)
Erechtites valerianifolius,Brazilian Fireweed,Not in a reserve,-33.933291,150.97841,18/5/2018 0:00,herb (4); shrub (1)
Erechtites valerianifolius,Brazilian Fireweed,Lambeth Reserve,-33.973132,150.997983,3/12/2024 13:23,herb (4); shrub (1)
Erigeron sp.,Fleabane,Salt Pan Reserve,-33.946515,151.039711,1/5/2004 12:00,
Eriocaulon scariosum,,Not in a reserve,-33.916667,151.1,1893-12-08 00:00:00,herb (5)
Eriocaulon scariosum,,Not in a reserve,-33.916667,151.1,,herb (5)
Eriochilus petricola,Parson's Bands,Not in a reserve,-33.9652979,150.9842741,19/4/1999 0:00,herb (2)
Erythrina hybrida,Coral Tree Hybrid,Salt Pan Reserve,-33.946515,151.039711,1/5/2004 12:00,
Erythrina indica,Indian Coral Tree,Monash Reserve,-33.963992,150.988145,1/5/2004 12:00,
Erythrina indica,Indian Coral Tree,East Hills Park,-33.96446,150.982875,1/5/2004 12:00,
Eucalyptus alligatrix,,Not in a reserve,-33.940064,150.995769,1/8/2022 0:00,tree (5)
Eucalyptus caleyi,Caleys Ironbark,Not in a reserve,-33.890332,151.055229,15/9/2015 0:00,tree (4)
Eucalyptus canaliculata,Large-fruited Grey Gum,Not in a reserve,-33.904543,151.038029,19/2/2020 0:00,tree (4)
Eucalyptus chlorophylla,Glossy-leaved Box,Not in a reserve,-33.91509,151.084491,17/6/1939 0:00,mallee (2); tree (5)
Eucalyptus dives,Broad-leaved Peppermint,Manahan Reserve,-33.92033,151.006218,1/5/2004 12:00,
Eucalyptus elata,,Not in a reserve,-33.918362,150.978117,16/3/2020 0:00,mallee (1); tree (8)
Eucalyptus elata,,Not in a reserve,-33.940454,150.995817,19/4/2023 0:00,mallee (1); tree (8)
Eucalyptus eugenoides,Thin-leaved Stringybark,Flood Reserve,-33.935995,151.021996,1/5/2004 12:00,
Eucalyptus globulus,,East Hills Park,-33.964295,150.982435,8/9/2015 0:00,tree (8)
Eucalyptus latifolius,White Gum,Deepwater,-33.949066,150.976607,1/5/2004 12:00,
Eucalyptus macrorhyncha,Red Stringybark,Not in a reserve,-33.912606,151.034377,21/3/2022 0:00,tree (10)
Eucalyptus major,Mountain Grey Gum,Not in a reserve,-33.905179,151.038241,8/3/2019 0:00,tree (4)
Eucalyptus mannifera,,Not in a reserve,-33.93508,151.023087,18/3/2014 0:00,tree (4)
Eucalyptus obstans,,Not in a reserve,-33.916667,151.133333,1886-11-27 00:00:00,mallee (2); tree (1)
Eucalyptus polyanthemos,Red Box,Not in a reserve,-33.974984,151.019113,6/7/2021 12:52,mallee (1); tree (7)
Eucalyptus robusta x Eucalyptus tereticornis,,Not in a reserve,-33.916667,151.1,3/2/1900 0:00,
Eucalyptus robusta x Eucalyptus tereticornis,,Not in a reserve,-33.916667,151.1,3/2/1900 0:00,
Eucalyptus sieberi,,Not in a reserve,-33.929191,151.128771,27/2/2007 0:00,tree (12)
Eucalyptus spp.,"Eucalypt, Gum Tree",Salt Pan Reserve,-33.946515,151.039711,1/5/2004 12:00,
Eucalyptus squamosa,,Not in a reserve,-33.976092,151.007833,14/12/2010 0:00,tree (6)
Eucalyptus triflora,Threeway Gum,Roberts Road Reserve,-33.90619,151.065494,1/5/2004 12:00,
Eucalyptus triflora,Threeway Gum,Flood Reserve,-33.935995,151.021996,1/5/2004 12:00,
Eucalyptus umbra,,Monash Reserve,-33.963992,150.988145,1/5/2004 12:00,shrub (4); tree (9)
Eucalyptus umbra,,East Hills Park,-33.964295,150.982435,8/9/2015 0:00,shrub (4); tree (9)
Euphorbia dallachyana,,Deepwater,-33.946339,150.979163,27/5/2021 0:00,herb (7)
Euphorbia dallachyana,,Deepwater,-33.945973,150.981653,27/5/2021 10:47,herb (7)
Euphorbia hyssopifolia,Euphorbia,Not in a reserve,-33.903896,150.980606,26/11/2023 13:10,herb (3); subshrub (1)
Euphorbia lathyris,Caper Spurge,Not in a reserve,-33.9,151.116667,,herb (5)
Euphorbia maculata,Eyebane,Band Hall Reserve,-33.896321,151.019664,9/2/2023 11:22,herb (6)
Euphorbia milii,,Lansdowne,-33.89463,150.97893,26/11/2023 0:00,herb (1)
Euphorbia milii,,Lansdowne,-33.89463,150.978928,26/11/2023 16:05,herb (1)
Euphorbia oblongata,Balkan Spurge,Jenson Pk,-33.884558,151.018914,31/10/2022 14:31,herb (1); subshrub (2)
Euphorbia ophthalmica,Florida Hammock Sandmat (usa),Maluga Passive Pk,-33.893108,151.014999,18/4/2022 13:35,herb (2)
Euphorbia paralias,Sea Spurge,Not in a reserve,-33.93,151.12,16/10/2018 7:15,herb (6); shrub (3)
Euphorbia serpens,Matted Sandmat,Not in a reserve,-33.940437,151.042908,22/10/2021 12:27,herb (2)
Euphorbia serpens,Matted Sandmat,Not in a reserve,-33.909946,150.997955,27/6/2023 13:55,herb (2)
Euphorbia sp.,Spurge,Amaroo,-33.908,150.982962,1/5/2004 12:00,
Euphorbia tirucalli,Naked Lady,Not in a reserve,-33.969667,151.036426,6/5/2020 11:22,shrub (2); tree (2)
Ficus coronata,,Not in a reserve,-33.929638,151.128316,12/7/2022 15:13,shrub (7); tree (10)
Ficus elastica,Rubber Plant,Little Salt Pan Creek Reserve,-33.96882,151.029014,1/5/2004 12:00,
Ficus elastica,Rubber Plant,Cox Reserve,-33.969139,151.021958,1/5/2004 12:00,
Ficus hilii,Hills Fig,Deepwater,-33.949066,150.976607,1/5/2004 12:00,
Ficus pumila,Creeping Fig,Not in a reserve,-33.913225,150.989012,29/2/2024 0:00,climber_woody (1); shrub (1)
Ficus spp.,Fig,Amaroo,-33.908,150.982962,1/5/2004 12:00,
Ficus spp.,Fig,Walshaw Park,-33.901345,151.004631,1/5/2004 12:00,
Fraxinus angustifolia,,Not in a reserve,-33.945433,150.983143,23/11/2015 0:00,tree (2)
Fraxinus griffithii,,Lansdowne,-33.897348,150.978439,25/3/2024 15:42,tree (2)
Freesia laxa,Freesia,Not in a reserve,-33.956303,151.04059,4/10/2021 13:37,herb (4)
Freesia refracta,Freesia,Thomas Street Depot,-33.96590278,151.013035,1/5/2004 12:00,
Freesia refracta,Freesia,The River Reserve,-33.969546,151.016111,1/5/2004 12:00,
Funaria spp.,Cord Moss,Marion Reserve,-33.914839,151.010151,1/5/2004 12:00,
Gahnia erythrocarpa,,Lambeth Reserve,-33.97277,150.998412,21/12/2001 0:00,graminoid (3); herb (3)
Galactia sp.,Milkpea,Lansdowne,-33.896245,150.978391,1/5/2004 12:00,
Galium gaudichaudii,,Lansdowne,-33.902277,150.978906,28/6/1999 0:00,herb (8)
Galium leiocarpum,,Deepwater,-33.949556,150.97452,5/2/2014 0:00,herb (9)
Galium leiocarpum,,Lansdowne,-33.89425234,150.9770558,9/11/2023 12:00,herb (9)
Galium liratum,,Crest,-33.909444,150.993333,13/9/2007 0:00,herb (5)
Gamochaeta,,Lansdowne,-33.902206,150.980058,2/10/2023 11:47,
Gamochaeta americana,Spiked Cudweed,Not in a reserve,-33.92358,151.073587,25/10/2024 0:00,herb (4)
Gamochaeta americanum,American Cudweed,Crest,-33.908539,150.99598,1/5/2004 12:00,
Gazania sp.,Gazania,Amberdale Reserve,-33.972098,151.0034,1/5/2004 12:00,
Geranium brevicaule,Alpine Crane's-bill,Not in a reserve,-33.91509,151.084491,15/2/1989 0:00,herb (5)
Geranium molle,Soft Geranium,Not in a reserve,-33.949284,150.990082,23/8/2016 17:10,herb (6)
Ghazania hybrid,Gazania,Richardson Reserve,-33.963555,151.027909,1/5/2004 12:00,
Gladiolus carneus,Broad-leaf Painted Lady,Not in a reserve,-33.930192,151.128013,16/10/2022 10:42,herb (6)
Gladiolus carneus,Broad-leaf Painted Lady,The River Reserve,-33.968404,151.02237,4/10/2024 15:01,herb (6)
Gladiolus dalenii,Natal Lily,Not in a reserve,-33.976312,151.009161,20/5/2020 14:50,herb (2)
Gleichenia spp.,Coral Fern,Lambeth Reserve,-33.971772,150.996708,1/5/2004 12:00,
Glochidion ferdinandi var. ferdinandi,Cheese Tree,Picnic Point Reserve,-33.977563,150.996147,1/5/2004 12:00,shrub (4); tree (3)
Glochidion ferdinandi var. ferdinandi,Cheese Tree,Salt Pan Reserve,-33.946515,151.039711,1/5/2004 12:00,shrub (4); tree (3)
Glossocardia bidens,,Lansdowne,-33.896245,150.978391,1/5/2004 12:00,herb (11)
Glossocardia bidens,,Lansdowne,-33.901051,150.980391,28/1/2022 0:00,herb (11)
Gnaphalium sp.,Cudweed,Bellevue,-33.910871,150.998776,1/5/2004 12:00,
Gnaphalium sp.,Cudweed,Jenson Pk,-33.883502,151.01767,1/5/2004 12:00,
Gnapthalium sp.,Cudweed,Walshaw Park,-33.901345,151.004631,1/5/2004 12:00,
Gnapthalium sp.,Cudweed,Virginius Reserve,-33.960678,151.022552,1/5/2004 12:00,
Gomphocarpus sp.,Cotton Bush,Walshaw Park,-33.901345,151.004631,1/5/2004 12:00,
Gompholobium inconspicuum,,Not in a reserve,-33.883333,151,20/8/1925 0:00,shrub (7); subshrub (1)
Gompholobium minus,,East Hills Park,-33.96446,150.982875,1/5/2004 12:00,
Gompholobium virgatum,Leafy Wedge-pea,Salt Pan Reserve,-33.946515,151.039711,1/5/2004 12:00,
Gonocarpus humilis,,Monash Reserve,-33.963992,150.988145,1/5/2004 12:00,
Gonocarpus longifolius,,East Hills Park,-33.965122,150.984469,31/10/1910 0:00,shrub (1); subshrub (3)
Gonocarpus longifolius,,East Hills Park,-33.965122,150.984469,30/11/1910 0:00,shrub (1); subshrub (3)
Gonocarpus micranthus,,Not in a reserve,-33.91509,151.084491,1/2/1914 0:00,herb (8)
Gonocarpus micranthus,,Not in a reserve,-33.975965,151.013841,3/4/2025 16:44,herb (8)
Gonocarpus tenuifolia,,East Hills Park,-33.96446,150.982875,1/5/2004 12:00,
Goodenia hederacea ssp. hederacea,Forest Goodenia,Walshaw Park,-33.901345,151.004631,1/5/2004 12:00,
Goodenia sp.,Goodenia,Crest,-33.908539,150.99598,1/5/2004 12:00,
Grastidium baileyi,Blotched Gemini Orchid,Not in a reserve,-33.91509,151.084491,1/3/1964 0:00,herb (2)
Gratiola pedunculata,,Not in a reserve,-33.916667,151.066667,1898-12-04 00:00:00,herb (7)
Grevillea concinna,,Not in a reserve,-33.978133,150.999617,10/1/2023 13:00,shrub (3)
Grevillea diffusa,,Not in a reserve,-33.966667,151,21/10/1997 0:00,shrub (3)
Grevillea diffusa,,Not in a reserve,-33.966667,151,21/10/1997 0:00,shrub (3)
Grevillea juniperina,,Not in a reserve,-33.890332,151.055229,15/9/2015 0:00,shrub (5)
Grevillea parviflora,,Not in a reserve,-33.95,151.033333,,shrub (5); tree (2)
Grona varians,,Lansdowne,-33.89297001,150.9768421,23/10/2024 12:00,
Grona varians,,Lansdowne,-33.89421228,150.9778359,23/10/2024 12:00,
Guioa semiglauca,,Ashford Reserve,-33.929542,150.984621,23/5/2018 0:00,tree (10)
Guioa semiglauca,,Ashford Reserve,-33.929542,150.984621,6/3/2020 0:00,tree (10)
Hakea eriantha,Tree Hakea,Not in a reserve,-33.91509,151.084491,1/9/1915 0:00,shrub (10); tree (6)
Hakea gibbosa,,Not in a reserve,-33.9,151.116667,1887-06-25 00:00:00,shrub (7)
Hakea gibbosa,,Not in a reserve,-33.974228,151.006943,28/10/2024 8:57,shrub (7)
Hakea laurina,Pincushion Hakea,Not in a reserve,-33.91509,151.084491,1/5/1917 0:00,shrub (6); tree (6)
Hakea lorea,Corkbark Tree,Not in a reserve,-33.917198,151.020044,30/3/2014 10:29,shrub (5); tree (5)
Hakea lorea,Corkbark Tree,Not in a reserve,-33.899585,151.027385,26/3/2016 18:21,shrub (5); tree (5)
Hakea propinqua,,Not in a reserve,-33.929541,151.128481,9/5/2015 0:00,shrub (5); tree (2)
Hedera hibernica,Ivy,Miram-Beena,-33.9052,150.98126,26/11/2023 0:00,climber_woody (1)
Helichrysum brachycarpum,,Norfolk Reserve,-33.893604,151.062656,1/5/2004 12:00,
Helichrysum petiolare,Liquorice Plant,Not in a reserve,-33.978283,150.998016,18/9/2021 10:24,
Heliotropium amplexicaule,Blue Heliotrope,Not in a reserve,-33.913743,151.133679,27/3/2024 17:36,herb (4)
Heptapleurum arboricola,,Not in a reserve,-33.912606,151.034377,21/3/2022 0:00,shrub (1)
Heterophylla sp.,,The River Reserve,-33.969546,151.016111,1/5/2004 12:00,
Hibbertia fumana,,Not in a reserve,-33.916414,150.985179,9/11/2017 0:00,shrub (2)
Hibbertia fumana,,Not in a reserve,-33.916291,150.985377,7/12/2018 0:00,shrub (2)
Hibbertia hypericoides,Yellow Buttercups,Not in a reserve,-33.917985,151.088586,25/3/2015 0:29,shrub (6)
Hibbertia linearis,,The River Reserve,-33.969546,151.016111,1/5/2004 12:00,shrub (8)
Hibbertia linearis,,Not in a reserve,-33.973697,151.005009,18/11/2022 0:00,shrub (8)
Hibbertia riparia,,Not in a reserve,-33.979289,151.007574,17/2/2011 0:00,shrub (19)
Hibiscus brachysiphonius,Low Hibiscus,Not in a reserve,-33.93508,151.023087,18/3/2014 0:00,herb (7); shrub (4); subshrub (3)
Hibiscus mutabilis,,Not in a reserve,-33.97333,151.003377,2/5/2022 12:22,shrub (3); tree (3)
Hibiscus spp.,Hibiscus,The River Reserve,-33.969546,151.016111,1/5/2004 12:00,
Hippeastrum carinatum,,Lansdowne,-33.899442,150.976234,15/1/2025 8:03,herb (2)
Hippeastrum zephyranthum,Zephyr Lily,Crest,-33.907734,150.992084,7/4/2025 11:34,herb (3)
Histiopteris incisa,,Salt Pan Reserve,-33.946515,151.039711,1/5/2004 12:00,
Histiopteris incisa,,Kelso Creek,-33.950301,150.984015,1/5/2004 12:00,
Hordeum hystrix,Mediterranean Barley-grass,Not in a reserve,-33.91509,151.084491,28/9/1968 0:00,graminoid (6); herb (5)
Hovea lanceolata,Purple Pea Bush,Salt Pan Reserve,-33.946515,151.039711,1/5/2004 12:00,
Hovea purpurea,,Deepwater,-33.949972,150.977015,8/11/2006 0:00,shrub (11)
Hovea speciosa,,Not in a reserve,-33.980556,151.008333,,shrub (4)
Howea forsteriana,,Virginius Reserve,-33.95872,151.02234,15/10/2015 0:00,palmoid (1); tree (1)
Hydrocotyle tripartita,,Not in a reserve,-33.973903,151.003219,17/3/2023 15:02,herb (6)
Hydrocotyle tripartita,,Not in a reserve,-33.973114,151.003747,22/3/2025 10:44,herb (6)
Hypericum japonicum,,Kelso Beach,-33.957004,150.983918,2/4/2008 0:00,herb (11)
Hypericum spp.,St. John's Wort,Lansdowne,-33.896245,150.978391,1/5/2004 12:00,
Hypochoeris microcephala var. albiflora,White-flowered Catsear,Jenson Pk,-33.883502,151.01767,1/5/2004 12:00,
Hypochoeris microcephala var. albiflora,White-flowered Catsear,Allder Pk,-33.890474,151.007849,1/5/2004 12:00,
Hypoestes aristata,,Not in a reserve,-33.930911,151.004231,8/5/2023 9:47,herb (1); subshrub (1)
Hypoestes aristata,,Not in a reserve,-33.914993,151.125555,17/4/2024 10:51,herb (1); subshrub (1)
Hypoestes phyllostachya,Polka-dot Plant,Not in a reserve,-33.97,151.04,4/5/2020 13:00,herb (2); shrub (1); subshrub (1)
Hypolaena fastigiata,,Not in a reserve,-33.979289,151.007574,17/2/2011 0:00,graminoid (8); graminoid_not_tussock (1); herb (7)
Impatiens sp.,"Busy Lizzie, Balsam",Little Salt Pan Creek Reserve,-33.96882,151.029014,1/5/2004 12:00,
Impatiens sp.,"Busy Lizzie, Balsam",The River Reserve,-33.969546,151.016111,1/5/2004 12:00,
Ipheion uniflorum,Spring Star-flower,Not in a reserve,-33.8974,151.02433,10/9/2023 0:00,geophyte (1); herb (4)
Ipheion uniflorum,Spring Star-flower,Not in a reserve,-33.897403,151.024326,10/9/2023 12:25,geophyte (1); herb (4)
Ipomoea batatas,Sweet Potato,Not in a reserve,-33.917913,151.116308,4/4/2018 0:00,climber (1); climber_herbaceous (1)
Ipomoea carnea,,Not in a reserve,-33.916667,151.066667,2/3/1996 0:00,shrub (2)
Ipomoea muelleri,Poison Morning-glory,Not in a reserve,-33.881356,151.011158,1/4/2014 9:47,climber_herbaceous (3); herb (4)
Ipomoea muelleri,Poison Morning-glory,Not in a reserve,-33.95001,151.01016,26/3/2017 3:55,climber_herbaceous (3); herb (4)
Isachne globosa,,Salt Pan Reserve,-33.946515,151.039711,1/5/2004 12:00,
Isopogon anethifolius,,Not in a reserve,-33.971963,151.012334,17/2/2010 0:00,shrub (8)
Isotoma fluviatilis,,Cnr HLD and Milperra Road,-33.931506,150.97956,1/5/2004 12:00,
Jacksonia sp.,Stinkwood,East Hills Park,-33.96446,150.982875,1/5/2004 12:00,
Juncus aridicola,,Not in a reserve,-33.883333,150.983333,22/12/1998 0:00,graminoid (6); herb (5); tussock (1)
Juncus capillaceus,String Rush,Not in a reserve,-33.928333,151.125,24/12/2013 0:00,graminoid (3); herb (2)
Juncus flavidus,,Not in a reserve,-33.956757,151.009493,23/12/1997 0:00,graminoid (6); herb (4); tussock (1)
Juncus pallidus,,Not in a reserve,-33.95,151.016667,9/3/1993 0:00,graminoid (6); herb (5); tussock (2)
Juncus pallidus,,Kentucky Reserve,-33.917469,150.974383,18/11/2016 0:00,graminoid (6); herb (5); tussock (2)
Juncus polyanthemus,,Not in a reserve,-33.878189,150.988338,10/8/1993 0:00,graminoid (4); herb (2); tussock (1)
Juncus polyanthemus,,Not in a reserve,-33.933333,151.0175,18/2/1999 0:00,graminoid (4); herb (2); tussock (1)
Juncus prismatocarpus,,Thomas Street Depot,-33.96590278,151.013035,1/5/2004 12:00,
Juncus sp. a,Rush,Lansdowne,-33.896245,150.978391,1/5/2004 12:00,
Juncus vaginatus,Clustered Rush,Davies Road,-33.955611,151.040085,26/11/2008 0:00,graminoid (3); herb (3); tussock (1)
Justicia carnea,,Not in a reserve,-33.936149,151.079869,24/3/2024 16:54,shrub (1)
Kennedia prostrata,,Not in a reserve,-33.966686,151.041687,1/10/2009 0:00,climber (2); climber_woody (1); herb (8); shrub (3)
Kniphofia uvaria,Red Hot Poker,Lansdowne,-33.896245,150.978391,1/5/2004 12:00,
Lablab purpureus,Lablab,Not in a reserve,-33.925547,151.120441,19:19.2,climber (1); climber_herbaceous (1); herb (1)
Lablab purpureus,Lablab,Not in a reserve,-33.937098,151.044789,19:35.9,climber (1); climber_herbaceous (1); herb (1)
Lactuca sativa,Lettuce,Not in a reserve,-33.883782,151.010826,7/9/2023 16:11,herb (1)
Lactuca sativa,Lettuce,Not in a reserve,-33.88378,151.01083,9/9/2023 0:00,herb (1)
Lamium amplexicaule,Deadnettle,Not in a reserve,-33.908889,151.114444,25/8/2009 0:00,herb (6)
Lasiopetalum ferrugineum var. cordatum,,Lansdowne,-33.890425,150.973275,21/11/2008 0:00,shrub (4)
Lasiopetalum ferrugineum var. cordatum,,Lansdowne,-33.89269,150.97436,21/11/2008 0:00,shrub (4)
Lasiopetalum ferrugineum var. ferrigineum,,Norfolk Reserve,-33.893604,151.062656,1/5/2004 12:00,
Lasiopetalum ferrugineum var. ferrugineum,,Flood Reserve,-33.935995,151.021996,1/5/2004 12:00,shrub (4)
Lasiopetalum macrophyllum,,Lansdowne,-33.896245,150.978391,1/5/2004 12:00,shrub (8)
Lasiopetalum macrophyllum,,Not in a reserve,-33.916667,151.033333,,shrub (8)
Lauraceae,,Lansdowne,-33.902145,150.980087,2/10/2023 12:34,
Lauraceae,,Lansdowne,-33.900397,150.978989,2/10/2023 13:06,
Leichhardtia flavescens,,Lansdowne,-33.893876,150.977407,7/3/2008 0:00,climber (2); climber_herbaceous (3); climber_woody (4)
Leionema dentatum,,Not in a reserve,-33.9,151.116667,,shrub (5); tree (4)
Leontodon rhagadioloides,Hedypnois,Not in a reserve,-33.897572,151.026428,9/9/2022 12:51,herb (9)
Leontodon rhagadioloides,Hedypnois,Not in a reserve,-33.89757,151.02643,10/9/2022 0:00,herb (9)
Lepidium pseudohyssopifolium,,Kentucky Reserve,-33.928156,150.979715,17/1/2008 0:00,herb (8)
Lepidium pseudohyssopifolium,,Deepwater,-33.951541,150.975881,13/2/2008 0:00,herb (8)
Lepidium sp.,Peppercress,Walshaw Park,-33.901345,151.004631,1/5/2004 12:00,
Lepidosperma cf. laterale,,Lansdowne,-33.89297001,150.9768421,23/10/2024 12:00,
Lepidosperma concavum,Sandhill Sword-sedge,Not in a reserve,-33.95,151.016667,14/10/1992 0:00,graminoid (3); herb (4); tussock (1)
Lepidosperma concavum,Sandhill Sword-sedge,Not in a reserve,-33.981062,150.99961,22/6/1999 0:00,graminoid (3); herb (4); tussock (1)
Lepidosperma urophorum,,Not in a reserve,-33.929191,151.128771,27/2/2007 0:00,graminoid (4); herb (4); tussock (1)
Lepidosperma urophorum,,Not in a reserve,-33.929191,151.128771,27/2/2007 0:00,graminoid (4); herb (4); tussock (1)
Leptomeria laterale,Currant Bush,Deepwater,-33.949066,150.976607,1/5/2004 12:00,
Leptomeria sp.,Currant Bush,Lambeth Reserve,-33.971772,150.996708,1/5/2004 12:00,
Leptospermum arachnoides,,Not in a reserve,-33.976092,151.007833,14/12/2010 0:00,shrub (5)
Leptospermum arachnoides,,Not in a reserve,-33.97447,151.007351,14/12/2010 0:00,shrub (5)
Leptospermum grandifolium,,Not in a reserve,-33.883333,150.983333,,shrub (6); tree (6)
Leptospermum lanigerum,,Salt Pan Reserve,-33.957833,151.040861,18/11/2016 0:00,shrub (7); tree (7)
Leptospermum polyanthum,,Not in a reserve,-33.979368,151.015177,2/3/2017 0:00,shrub (2); tree (2)
Leptospermum polygalifolium subsp. polygalifolium,,Alma Reserve,-33.963313,151.038039,1/5/2004 12:00,shrub (6); tree (3)
Leptospermum scoparium,Black Tea-tree,Not in a reserve,-33.933333,151.066667,20/10/1945 0:00,shrub (7); tree (2)
Leptospermum spp.,Teatree,Cox Reserve,-33.969139,151.021958,1/5/2004 12:00,
Leptospermum spp.,Teatree,Kelso Beach,-33.953352,150.98246,1/5/2004 12:00,
Lepyrodia sp.,Scaly Rush,Salt Pan Reserve,-33.946515,151.039711,1/5/2004 12:00,
Leucopogon attenuatus,Grey Beard-heath,Not in a reserve,-33.972417,151.027911,10/10/2017 0:00,shrub (7)
Leucopogon exolasius,,The River Reserve,-33.969546,151.016111,1/5/2004 12:00,
Leucopogon virgatus,,Not in a reserve,-33.883333,150.983333,20/8/1925 0:00,shrub (10)
Leucopogon virgatus,,Not in a reserve,-33.980758,150.999551,23/4/2009 0:00,shrub (10)
Ligustrum vulgare,European Privet,Not in a reserve,-33.97,151.04,4/5/2020 13:00,shrub (4)
Lindsaea microphylla,,The River Reserve,-33.969546,151.016111,1/5/2004 12:00,
Lindsaea microphylla,,Salt Pan Reserve,-33.946515,151.039711,1/5/2004 12:00,
Linum usitatissimum,Field Flax,Not in a reserve,-33.954185,151.015397,26/10/2024 9:54,herb (6)
Liriope muscari,Big Blue Lilyturf,Not in a reserve,-33.889886,151.022479,28/3/2022 17:28,
Liriope muscari,Big Blue Lilyturf,Not in a reserve,-33.897527,151.026443,7/6/2023 9:44,
Litsea leefeana,Sycamore,Not in a reserve,-33.9152974,151.0509397,30/1/1941 0:00,tree (8)
Lobularia maritima,Sweet Alyssum,Not in a reserve,-33.961651,150.982111,24/11/2023 11:46,herb (7)
Lolium vulgare,Ryegrass,Roberts Road Reserve,-33.90619,151.065494,1/5/2004 12:00,
Lomandra fluviatilis,,Not in a reserve,-33.970898,151.026255,21/4/1999 0:00,herb (2)
Lomandra fluviatilis,,Not in a reserve,-33.977766,150.996904,3/4/2020 0:00,herb (2)
Lomandra micrantha,,East Hills Park,-33.964295,150.982435,8/9/2015 0:00,graminoid (1); herb (4); tussock (4)
Lomandra sp.,Mat-rush,Louisa,-33.905454,150.999701,1/5/2004 12:00,
Lomandra sp.,Mat-rush,Marion Reserve,-33.914839,151.010151,1/5/2004 12:00,
Lotus australis,Austral Trefoil,Salt Pan Reserve,-33.946515,151.039711,1/5/2004 12:00,
Lupinus sp.,Lupin,Jenson Pk,-33.883502,151.01767,1/5/2004 12:00,
Luzula densiflora,,Not in a reserve,-33.940296,150.971796,11/11/2011 0:00,graminoid (5); herb (4); tussock (1)
Macadamia spp.,Macadamia,Deepwater,-33.949066,150.976607,1/5/2004 12:00,
Machaerina acuta,,Not in a reserve,-33.91509,151.084491,1893-10-01 00:00:00,graminoid (5); graminoid_not_tussock (1); herb (5); tussock (1)
Machaerina acuta,,Not in a reserve,-33.966667,151,21/9/1996 0:00,graminoid (5); graminoid_not_tussock (1); herb (5); tussock (1)
Machaerina articulata,,Not in a reserve,-33.943178,151.051703,16/8/2008 0:00,graminoid (2); herb (2)
Machaerina articulata,,Not in a reserve,-33.916667,151.116667,,graminoid (2); herb (2)
Macrozamia sp.,Burrawang,Bromley Reserve,-33.909247,151.053065,1/5/2004 12:00,
Macrozamia spiralis,,Carysfield,-33.902185,150.998468,1/5/2004 12:00,
Macrozamia spiralis,,Norfolk Reserve,-33.893604,151.062656,1/5/2004 12:00,
Manihot grahamii,,Not in a reserve,-33.910748,150.980376,11/4/2022 14:08,shrub (2); tree (2)
Medicago ericifolia,,Maluga Passive Pk,-33.894195,151.015561,1/5/2004 12:00,
Medicago lupulina,Black Medic,Maluga Passive Pk,-33.8936,151.015671,22/10/2021 16:50,herb (5)
Medicago sp.,,Jenson Pk,-33.883502,151.01767,1/5/2004 12:00,
Melichrus procumbens,,Not in a reserve,-33.91509,151.084491,1/7/1903 0:00,shrub (5)
Melichrus procumbens,,Not in a reserve,-33.972536,151.037905,14/12/2010 0:00,shrub (5)
Melilotus albus,Bokhara Clover,Not in a reserve,-33.87277,150.99963,26/8/2023 0:00,herb (5)
Melilotus albus,Bokhara Clover,Not in a reserve,-33.872768,150.999628,26/8/2023 11:16,herb (5)
Mentha diemenica,,Bellevue,-33.910942,150.998453,21/12/1998 0:00,herb (9)
Mentha diemenica,,Bellevue,-33.910937,150.998439,21/12/1998 0:00,herb (9)
Mesembryanthemum cordifolium,Heart-leaf Ice-plant,Not in a reserve,-33.940454,150.995817,20/3/2023 0:00,herb (3); shrub (3)
Microtis sp.,Onion Orchid,Walshaw Park,-33.901345,151.004631,1/5/2004 12:00,
Mirabilis jalapa,Marvel-of-peru,Not in a reserve,-33.91518,151.120589,19/3/2025 11:20,herb (7); shrub (1)
Mirbelia baueri,,Not in a reserve,-33.916667,151.05,3/7/1988 0:00,shrub (2)
Mirbelia speciosa,,Not in a reserve,-33.974188,151.008568,28/8/2021 17:32,shrub (4)
Mirbelia speciosa,,Not in a reserve,-33.976181,151.006643,11/8/2024 11:18,shrub (4)
Mitrasacme paludosa,,Not in a reserve,-33.97447,151.007351,14/12/2010 0:00,herb (6)
Murraya koenigii,Murraya,Salt Pan Reserve,-33.95666,151.04056,21/9/2023 0:00,shrub (2)
Murraya koenigii,Murraya,Salt Pan Reserve,-33.956661,151.040558,21/9/2023 14:51,shrub (2)
Musa sp.,Banana,The River Reserve,-33.969546,151.016111,1/5/2004 12:00,
Musa sp.,Banana,Little Salt Pan Creek Reserve,-33.96882,151.029014,1/5/2004 12:00,
Myoporum bateae,,Crest,-33.908539,150.99598,1/5/2004 12:00,
Myoporum boninense,,Not in a reserve,-33.939004,151.040532,4/4/2020 0:00,shrub (4)
Myriophyllum variifolium,,Not in a reserve,-33.933333,151.0175,18/10/2012 0:00,herb (6)
Najas tenuifolia,,Not in a reserve,-33.883333,150.983333,17/5/1992 0:00,herb (7)
Narcissus tazetta,Polyanthus Narcissus,Not in a reserve,-33.975716,151.024879,23/6/2023 14:30,geophyte (1); herb (5)
Neoregelia carolinae,,Not in a reserve,-33.881627,150.997191,5/7/2024 0:00,
Notelaea johnsonii,Veinless Mock-olive,Norfolk Reserve,-33.893288,151.06232,24/8/2022 0:00,shrub (2); tree (4)
Notelaea longifolia f. longifolia,,Lansdowne,-33.892571,150.975165,6/11/2014 0:00,tree (4)
Notelaea sp.,Native Olive,The River Reserve,-33.969546,151.016111,1/5/2004 12:00,
Notelaea sp.,Native Olive,Salt Pan Reserve,-33.946515,151.039711,1/5/2004 12:00,
Notelaea spp.,Native Olive,Roberts Road Reserve,-33.90619,151.065494,1/5/2004 12:00,
Notelaea venosa,Smooth Mock-olive,Lansdowne,-33.895313,150.973922,9/5/2024 16:01,shrub (4); tree (9)
Notothixos subaureus,Golden Mistletoe,Not in a reserve,-33.91509,151.084491,18/2/1905 0:00,shrub (7)
Nymphoides crenata,Wavy Marshwort,Not in a reserve,-33.916667,151.033333,,herb (8)
Nymphoides montana,Marshwort,Not in a reserve,-33.933333,151.0175,18/10/2012 0:00,herb (4)
Nymphoides spp.,,Amaroo,-33.908,150.982962,1/5/2004 12:00,
Nyssanthes erecta,,Lake Gillawarna Council Reserve,-33.90949128,150.9798222,6/11/2023 12:00,
Oenothera mollissima,,Not in a reserve,-33.943024,151.045731,22/10/2021 11:04,herb (5)
Olax stricta,,Picnic Point Reserve,-33.977563,150.996147,1/5/2004 12:00,
Olea africana ssp. africana,African Olive,Roberts Road Reserve,-33.90619,151.065494,1/5/2004 12:00,
Olearia elliptica,,Deepwater,-33.950022,150.975958,5/2/2014 0:00,shrub (7)
Onopordum sp.,,Walshaw Park,-33.901345,151.004631,1/5/2004 12:00,
Onopordum sp.,,Jenson Pk,-33.883502,151.01767,1/5/2004 12:00,
Ophioglossum lusitanicum ssp. coriaceum,Small Adder's-tongue,Dilke Reserve,-33.972867,151.035019,1/5/2004 12:00,
Oplismenus imbecilis,Creeping Beard Grass,Norfolk Reserve,-33.893604,151.062656,1/5/2004 12:00,
Opuntia leoglossa,Lion's Tongue,Not in a reserve,-33.9767,151.02803,26/5/2022 15:05,shrub (1)
Opuntia ssp.,Prickly Pear,Thornton,-33.907741,151.00142,1/5/2004 12:00,
Opuntia ssp.,Prickly Pear,Louisa,-33.905454,150.999701,1/5/2004 12:00,
Orianthera pusilla,,Deepwater,-33.949675,150.979911,2/9/2009 0:00,herb (6); subshrub (5)
Osteospermum moniliferum moniliferum,,Not in a reserve,-33.898508,151.033875,10/9/2023 12:58,
Ottelia ovalifolia,Swamp Lily,Newland Reserve,-33.938076,150.978967,1/5/2004 12:00,
Oxalis Pilbara,,Not in a reserve,-33.916541,151.10539,3/2/2024 16:52,
Oxalis chnoodes,,Not in a reserve,-33.90605,151.067873,1/12/2001 0:00,herb (7)
Palmeria scandens,,Not in a reserve,-33.92648,151.14578,1/5/2013 0:00,climber (3); climber_herbaceous (5); climber_woody (3)
Palmeria spp.,Palmeria,The River Reserve,-33.969546,151.016111,1/5/2004 12:00,
Pandorea pandorana spp. pandorana,Wonga Vine,Little Salt Pan Creek Reserve,-33.96882,151.029014,1/5/2004 12:00,
Panicum decompositum,,Lansdowne,-33.896245,150.978391,1/5/2004 12:00,
Panicum gilvum,Pigeon Grass,Picnic Point Reserve,-33.977563,150.996147,1/5/2004 12:00,
Panicum sp.,Panic Grass,Manahan Reserve,-33.92033,151.006218,1/5/2004 12:00,
Papaver dubium,Long-headed Poppy,Not in a reserve,-33.88366,151.00992,8/11/2023 0:00,herb (5)
Papaver dubium,Long-headed Poppy,Not in a reserve,-33.88366,151.009917,8/11/2023 17:16,herb (5)
Pararchidendron pruinosum,Snow Wood,Deepwater,-33.949066,150.976607,1/5/2004 12:00,
Parrentucellia plebeia,Common Bartsia,Crest,-33.908539,150.99598,1/5/2004 12:00,
Parrentucellia plebeia,Common Bartsia,Bellevue,-33.910871,150.998776,1/5/2004 12:00,
Paspalidium caespitosum,,Not in a reserve,-33.966667,151,7/5/1994 0:00,graminoid (1); herb (1); tussock (3)
Paspalidium gracile,,Not in a reserve,-33.93623,151.11514,17/4/2013 0:00,graminoid (5); herb (4); tussock (3)
Paspalum notatum,Bahia Grass,Not in a reserve,-33.967961,151.020184,1/2/2024 8:27,graminoid (3); herb (3); tussock (2)
Paspalum paspalodes,,Ashford Reserve,-33.930003,150.984825,1/5/2004 12:00,
Passiflora mollissima,Banana Passionfruit,Lansdowne,-33.896245,150.978391,1/5/2004 12:00,
Patersonia sp.,,Salt Pan Reserve,-33.946515,151.039711,1/5/2004 12:00,
Persea americana,Avocado,Davies Road,-33.95565,151.04001,21/9/2023 0:00,tree (4)
Persea americana,Avocado,Davies Road,-33.955654,151.040014,21/9/2023 14:37,tree (4)
Persicaria chinensis,Chinese Knotweed,Not in a reserve,-33.977766,150.996904,3/4/2020 0:00,0
Persicaria orientalis,,Not in a reserve,-33.916667,151.116667,,herb (6)
Persicaria spp.,,Montgomery Reserve,-33.954794,151.020454,1/5/2004 12:00,
Persicaria spp.,,Ashford Reserve,-33.930003,150.984825,1/5/2004 12:00,
Persicaria subsessilis,,Virginius Reserve,-33.960678,151.022552,1/5/2004 12:00,
Persoonia laurina subsp. intermedia,,Lansdowne,-33.9,150.97,15/11/1993 0:00,shrub (4)
Petrophile canescens,Conesticks,Not in a reserve,-33.91509,151.084491,1/11/1902 0:00,shrub (5)
Petrorhagia sp.,Tunicflower,Jenson Pk,-33.883502,151.01767,1/5/2004 12:00,
Phaius australis,Southern Swamp Orchid,Not in a reserve,-33.9,151,5/11/1947 0:00,herb (3)
Phaius australis,Southern Swamp Orchid,Not in a reserve,-33.9,151,12/10/1953 0:00,herb (3)
Philotheca buxifolia,,Not in a reserve,-33.941471,151.025258,24/3/2013 11:41,shrub (6)
Philotheca buxifolia,,Not in a reserve,-33.915194,151.003746,28/3/2015 14:21,shrub (6)
Philotheca buxifolia subsp. buxifolia,,Lansdowne,-33.895061,150.965992,6/4/2013 16:27,shrub (3)
Philotheca hispidula,,Not in a reserve,-33.974167,151.018611,21/8/2011 0:00,shrub (5)
Philotheca hispidula,,Not in a reserve,-33.977386,151.002546,27/8/2023 12:40,shrub (5)
Philotheca obovalis,,Not in a reserve,-33.9819638,151.0092739,20/11/1969 0:00,shrub (4)
Philotheca salsolifolia,,Not in a reserve,-33.97194,151.03287,12/11/2009 0:00,shrub (5)
Philotheca trachyphylla,Rock Waxflower,Not in a reserve,-33.91509,151.084491,1890-10-01 00:00:00,shrub (5); tree (6)
Phoenix dactylifera,,The Crest Reserve,-33.91092254,150.998445,6/11/2023 12:00,
Phormium tena,New Zealand Flax,Kelso Creek,-33.950301,150.984015,1/5/2004 12:00,
Phragmites spp.,Common Reed,Newland Reserve,-33.938076,150.978967,1/5/2004 12:00,
Phyllanthus pimelioides,,Richardson Reserve,-33.963555,151.027909,1/5/2004 12:00,
Phyllostachys sp.,Bamboo,Roma Reserve,-33.970703,151.033469,1/5/2004 12:00,
Phyllota grandiflora,,Not in a reserve,-33.971219,151.028823,14/12/2010 0:00,shrub (2)
Physalis angulata,Wild Gooseberry,Not in a reserve,-33.882142,151.009899,11/3/2025 14:00,herb (4); shrub (3)
Physalis spp.,,Thomas Street Depot,-33.96590278,151.013035,1/5/2004 12:00,
Piper sarmentosum,,Not in a reserve,-33.882254,151.009076,21/2/2025 11:03,
Pittosporum labillardieri,Sweet Pittosporum,East Hills Park,-33.96446,150.982875,1/5/2004 12:00,
Plantago coronopus,,Not in a reserve,-33.972962,150.996914,21/12/2001 0:00,herb (7)
Plantago coronopus,,Not in a reserve,-33.916667,151.116667,,herb (7)
Plantago gaudichaudii,,"Lot 5, Prescot Parade Prescot Parade",-33.9447853,150.9769274,1/5/2004 12:00,herb (9)
Plantago gaudichaudii,,Not in a reserve,-33.891781,151.03223,7/4/2018 0:00,herb (9)
Plantago myosuros,,Not in a reserve,-33.935317,150.974913,11/11/2024 14:14,herb (2)
Platanus hispanica,,Not in a reserve,-33.93508,151.023087,18/3/2014 0:00,
Platysace sp.,Platysace,Alma Reserve,-33.963313,151.038039,1/5/2004 12:00,
Plectranthus sp.,Plectranthus,"Lot 5, Prescot Parade Prescot Parade",-33.9447853,150.9769274,1/5/2004 12:00,
Plumbago spp.,,Virginius Reserve,-33.960678,151.022552,1/5/2004 12:00,
Plumbago zeylanica,Native Plumbago,Not in a reserve,-33.881627,150.997191,5/7/2024 0:00,herb (1); shrub (6)
Plumeria rubra,Frangipani,Not in a reserve,-33.916709,151.078032,22/10/2009 0:00,
Poa labillardierei var. labillardierei,,Lansdowne,-33.89297001,150.9768421,23/10/2024 12:00,graminoid (4); herb (2); tussock (5)
Poa spp.,"Poa, Meadow-grass",Manahan Reserve,-33.92033,151.006218,1/5/2004 12:00,
Podocarpus elatus,,Deepwater,-33.949066,150.976607,1/5/2004 12:00,
Podocarpus spinulosus,,Lambeth Reserve,-33.971772,150.996708,1/5/2004 12:00,
Podocarpus spinulosus,,The River Reserve,-33.969546,151.016111,1/5/2004 12:00,
Podranea ricasoliana,,Lansdowne,-33.905388,150.979355,24/11/2023 11:16,climber_woody (1); shrub (1)
Pollia crispata,Pollia,Thomas Street Depot,-33.96590278,151.013035,1/5/2004 12:00,
Pollia japonica,Pollia,Picnic Point Reserve,-33.977563,150.996147,1/5/2004 12:00,
Polycarpon sambucifolia,Four-leaf Allseed,East Hills Park,-33.96446,150.982875,1/5/2004 12:00,
Polygala japonica,,Lansdowne,-33.896245,150.978391,1/5/2004 12:00,
Polygala japonica,,Lansdowne,-33.900638,150.966746,22/10/2009 0:00,
Polygonum spp.,,Salt Pan Reserve,-33.946515,151.039711,1/5/2004 12:00,
Polyosma rigidiuscula,,Not in a reserve,-33.9152974,151.0509397,31/1/1941 0:00,shrub (1); tree (3)
Polypogon monspeliensis,Annual Beardgrass,Not in a reserve,-33.916667,151.116667,8/12/1912 0:00,graminoid (9); herb (6)
Polypogon sp.,Beard Grass,Amaroo,-33.908,150.982962,1/5/2004 12:00,
Polypogon viridis,Water Bent,Not in a reserve,-33.916667,151.133333,19/10/1934 0:00,graminoid (6); herb (5)
Polypogon viridis,Water Bent,Not in a reserve,-33.941825,151.050125,22/10/2021 11:56,graminoid (6); herb (5)
Populus deltoides,,Not in a reserve,-33.927738,151.138078,16/10/2022 15:09,tree (1)
Populus sp.,,The River Reserve,-33.969546,151.016111,1/5/2004 12:00,
Poranthera corymbosa,,Not in a reserve,-33.916667,151.1,1886-09-27 00:00:00,shrub (6)
Poranthera ericifolia,,Not in a reserve,-33.972536,151.037905,14/12/2010 0:00,shrub (7)
Poranthera spp.,Poranthera,Kelso Beach,-33.953352,150.98246,1/5/2004 12:00,
Poranthera spp.,Poranthera,Lansdowne,-33.89297001,150.9768421,23/10/2024 12:00,
Portulaca grandiflora,,Not in a reserve,-33.877406,151.007449,25/3/2021 10:08,herb (2)
Potamogeton ochreatus,,Not in a reserve,-33.941617,151.049836,22/10/2021 11:51,herb (8)
Potamogeton ochreatus,,Not in a reserve,-33.9,151.016667,,herb (8)
Potamogeton suboblongus,Mānihi,Not in a reserve,-33.941811,151.050125,22/10/2021 11:56,
Potamogeton sulcatus,,Not in a reserve,-33.981667,151.011944,1/12/1953 0:00,herb (7)
Potentilla indica,Indian Strawberry,Salt Pan Reserve,-33.946515,151.039711,1/5/2004 12:00,herb (4)
Potentilla indica,Indian Strawberry,Not in a reserve,-33.904998,151.108571,13/9/2015 15:09,herb (4)
Prasophyllum elatum,,Not in a reserve,-33.976824,151.00778,23/9/2019 7:55,herb (11)
Protasparagus plumoides,Asparagus Fern,Virginius Reserve,-33.960678,151.022552,1/5/2004 12:00,
Prunus cerasifera,Purple-leaf Cherry-plum,Not in a reserve,-33.923562,151.150745,33:49.7,shrub (3); tree (6)
Prunus cerasifera,Purple-leaf Cherry-plum,Not in a reserve,-33.924142,151.149323,16:52.1,shrub (3); tree (6)
Prunus laurocerasus,Cherry-laurel,Not in a reserve,-33.947312,151.025295,31:10.7,shrub (4); tree (4)
Pseuderanthemum luteoalbum,,Deepwater,-33.949066,150.976607,1/5/2004 12:00,
Pteris tremula,,Lambeth Reserve,-33.971772,150.996708,1/5/2004 12:00,
Pterostylis ampliata,Large Autumn Greenhood,Not in a reserve,-33.91509,151.084491,1/4/1948 0:00,herb (2)
Pterostylis bicolor,,Not in a reserve,-33.91509,151.084491,20/9/1947 0:00,herb (6)
Pterostylis chaetophora,,Not in a reserve,-33.9,151,23/9/1947 0:00,herb (4)
Pterostylis chaetophora,,Not in a reserve,-33.9,151,24/10/1987 0:00,herb (4)
Pterostylis gibbosa,Illawarra Greenhood,Not in a reserve,-33.9,151,31/10/1994 0:00,herb (4)
Pterostylis grandiflora,,Not in a reserve,-33.916667,151.116667,,herb (7)
Pterostylis obtusa,,Crest,-33.908333,150.994444,8/4/1950 0:00,herb (4)
Pterostylis obtusa,,Not in a reserve,-33.9,151,23/4/1950 0:00,herb (4)
Pterostylis parviflora,,Crest,-33.908539,150.99598,1/5/2004 12:00,
Pterostylis spp.,Greenhood Orchid,Norfolk Reserve,-33.893604,151.062656,1/5/2004 12:00,
Pterostylis truncata,,Not in a reserve,-33.91509,151.084491,1/4/1948 0:00,herb (5)
Ptilanthelium deustum,,Carysfield,-33.902185,150.998468,1/5/2004 12:00,
Ptilotus seminudus,Rabbit-tails,Not in a reserve,-33.9152968,151.1342715,10/9/1980 0:00,herb (6)
Pultenaea mollis,,Not in a reserve,-33.979836,151.007121,3/6/1996 0:00,shrub (7)
Pultenaea paleacea,,Walshaw Park,-33.8996626,151.0044812,,shrub (5)
Pultenaea parviflora,,Carysfield,-33.900779,150.997595,11/2/1999 0:00,shrub (3)
Pultenaea parviflora,,Carysfield,-33.900784,150.997609,11/2/1999 0:00,shrub (3)
Pultenaea scabra,,Not in a reserve,-33.883333,150.983333,27/8/1925 0:00,shrub (10)
Pultenaea stipularis,,Not in a reserve,-33.916667,151.116667,,shrub (5)
Pyracantha fortuneana,Chinese Firethorn,Alma Reserve,-33.963313,151.038039,1/5/2004 12:00,
Pyrorchis nigricans,,Lansdowne,-33.9,150.983333,28/9/1952 0:00,herb (11)
Pyrrosia rupestris,,Salt Pan Reserve,-33.946515,151.039711,1/5/2004 12:00,
Pyrrosia spp.,Felt Fern,Salt Pan Reserve,-33.946515,151.039711,1/5/2004 12:00,
Pyrus communis,Pear,Not in a reserve,-33.916667,151.1,19/10/1952 0:00,tree (4)
Pyrus communis,Pear,Not in a reserve,-33.95,151,18/10/1986 0:00,tree (4)
Quercus palustris,Pin Oak,East Hills Park,-33.96446,150.982875,1/5/2004 12:00,
Quercus sp.,Oak,Marion Reserve,-33.914839,151.010151,1/5/2004 12:00,
Quercus sp.,Oak,Jenson Pk,-33.883502,151.01767,1/5/2004 12:00,
Ranunculus sp.,,Louisa,-33.905454,150.999701,1/5/2004 12:00,
Rhinerrhiza divitiflora,Raspy Root Orchid,Lansdowne,-33.9,150.983333,,herb (3)
Rhytidosporum procumbens,,Not in a reserve,-33.889444,151.053056,23/8/1993 0:00,climber (1); shrub (8); subshrub (3)
Rhytidosporum procumbens,,East Hills Park,-33.96446,150.982875,1/5/2004 12:00,climber (1); shrub (8); subshrub (3)
Rhytidosporum spp.,,Lansdowne,-33.89421228,150.9778359,23/10/2024 12:00,
Rogiera amoena,,Not in a reserve,-33.917236,151.086272,4/9/2022 11:24,
Rothmannia globosa,,Crest,-33.90986,150.99591,27/6/2023 0:00,
Rothmannia globosa,,Crest,-33.909855,150.995911,27/6/2023 12:42,
Rubus laudatus,Blackberry,Not in a reserve,-33.927581,151.13862,19/11/2022 10:45,shrub (4)
Rubus rosifolius,Rose-leaf Bramble,Bellevue,-33.910871,150.998776,1/5/2004 12:00,
Rubus sp.,,Marion Reserve,-33.914839,151.010151,1/5/2004 12:00,
Rubus vulgaris,Common Blackberry,Salt Pan Reserve,-33.946515,151.039711,1/5/2004 12:00,
Rumex vesicarius,Bladder Dock,Prince Reserve,-33.9688296,151.0144817,25/4/2004 0:00,herb (6)
Ruppia maritima,,Salt Pan Reserve,-33.946515,151.039711,1/5/2004 12:00,
Russelia equisetiformis,Coral Bush,Not in a reserve,-33.881627,150.997191,5/7/2024 0:00,subshrub (1)
Rytidosperma pallidum,,Not in a reserve,-33.971963,151.012334,17/2/2010 0:00,graminoid (2); herb (5); tussock (5)
Rytidosperma pallidum,,Not in a reserve,-33.891781,151.03223,7/4/2018 0:00,graminoid (2); herb (5); tussock (5)
Rytidosperma semiannulare,,Not in a reserve,-33.933333,151.083333,6/11/1939 0:00,graminoid (3); herb (5); tussock (4)
Rytidosperma semiannulare,,Not in a reserve,-33.916667,151.033333,13/2/1996 0:00,graminoid (3); herb (5); tussock (4)
Saccharum officinarum,Sugarcane,Alma Reserve,-33.963313,151.038039,1/5/2004 12:00,graminoid (1); herb (1); tussock (2)
Saccharum officinarum,Sugarcane,Not in a reserve,-33.917913,151.116308,4/4/2018 0:00,graminoid (1); herb (1); tussock (2)
Sagina apetala,Common Pearlwort,Not in a reserve,-33.896431,151.018295,10/9/2023 11:26,herb (9)
Sagina apetala,Common Pearlwort,Not in a reserve,-33.902206,150.980058,2/10/2023 11:50,herb (9)
Salix cinerea,Grey Sallow,Not in a reserve,-33.91,150.99,22/11/2021 0:00,shrub (6); tree (7)
Salix cinerea,Grey Sallow,Not in a reserve,-33.91,150.99,22/11/2021 0:00,shrub (6); tree (7)
Salvia leucantha,,Lansdowne,-33.901127,150.968,27/1/2022 10:23,
Sambucus australasica,,Not in a reserve,-33.966667,151,19/8/1990 0:00,shrub (6); tree (2)
Sansevieria trifasciata,,Amberdale Reserve,-33.972098,151.0034,1/5/2004 12:00,
Santalum obtusifolium,,Lambeth Reserve,-33.971772,150.996708,1/5/2004 12:00,
Santalum obtusifolium,,Virginius Reserve,-33.960678,151.022552,1/5/2004 12:00,
Sarcochilus falcatus,,Lansdowne,-33.9,150.983333,19/10/1955 0:00,herb (5)
Sarcochilus hartmannii,Hartman's Sarcochilus,Not in a reserve,-33.9,151,19/10/1955 0:00,herb (4)
Sarcochilus hartmannii,Hartman's Sarcochilus,Not in a reserve,-33.9,151,19/10/1955 0:00,herb (4)
Scefflera actinophylla,Umbrella Tree,Thomas Street Depot,-33.96590278,151.013035,1/5/2004 12:00,
Schinus acreira,Brazilian Peppertree,Deepwater,-33.949066,150.976607,1/5/2004 12:00,
Schizomeria ovata,,Not in a reserve,-33.97441,151.037028,28/5/2009 0:00,shrub (1); tree (9)
Schoenoplectiella erecta,Soft Club-sedge,Not in a reserve,-33.933333,150.983333,22/1/1989 0:00,graminoid (3); herb (2)
Schoenoplectus mucronatus,Bog Bulrush,Salt Pan Reserve,-33.946515,151.039711,1/5/2004 12:00,
Schoenoplectus spp.,,Newland Reserve,-33.938076,150.978967,1/5/2004 12:00,
Schoenoplectus subulatus,,Not in a reserve,-33.916667,151.116667,,graminoid (5); graminoid_not_tussock (2); herb (4)
Schoenoplectus subulatus,,Not in a reserve,-33.916667,151.116667,,graminoid (5); graminoid_not_tussock (2); herb (4)
Schoenus lepidosperma,,Not in a reserve,-33.91509,151.084491,1893-11-01 00:00:00,graminoid (4); graminoid_not_tussock (2); herb (3)
Schoenus moorei,,Not in a reserve,-33.97447,151.007351,14/12/2010 0:00,graminoid (3); herb (2); tussock (1)
Schoenus nitens,,Not in a reserve,-33.95,151.016667,19/9/1991 0:00,graminoid (5); graminoid_not_tussock (1); herb (7)
Schoenus validus,Club-rush,Lansdowne,-33.896245,150.978391,1/5/2004 12:00,
Scirpus spp.,,Lambeth Reserve,-33.971772,150.996708,1/5/2004 12:00,
Scirpus spp.,,Amaroo,-33.908,150.982962,1/5/2004 12:00,
Scleria mackaviensis,,Lansdowne,-33.900035,150.980159,7/3/2008 0:00,graminoid (2); herb (1); tussock (1)
Scleria mackaviensis,,Not in a reserve,-33.971219,151.028823,14/12/2010 0:00,graminoid (2); herb (1); tussock (1)
Sedum acre,Biting Stonecrop,Thomas Street Depot,-33.96590278,151.013035,1/5/2004 12:00,
Senecio angulatus,Cape Ivy,Not in a reserve,-33.884576,151.007299,16/11/2022 7:54,climber (1); climber_herbaceous (2); herb (5)
Senecio prenanthoides,,Deepwater,-33.948652,150.973816,5/2/2014 0:00,herb (6)
Senecio tenuiflorus,,Lambeth Reserve,-33.971944,150.996667,10/4/2019 0:00,herb (8)
Senna clavigera,,Crest,-33.90961,150.99605,27/6/2023 0:00,herb (3); shrub (2)
Senna clavigera,,Crest,-33.909611,150.996048,27/6/2023 13:06,herb (3); shrub (2)
Senna cotuloides,,Virginius Reserve,-33.960678,151.022552,1/5/2004 12:00,
Senna didymobotrya,Popcorn Bush,Not in a reserve,-33.920406,151.114824,24/10/2021 12:22,shrub (3)
Senna spp.,,Allder Pk,-33.890474,151.007849,1/5/2004 12:00,
Senna spp.,,Jenson Pk,-33.883502,151.01767,1/5/2004 12:00,
Seringia denticulata,,Lansdowne,-33.893876,150.977407,7/3/2008 0:00,shrub (2)
Sertaria geniculata,Knotroot Foxtail,Montgomery Reserve,-33.954794,151.020454,1/5/2004 12:00,
Sisymbrium irio,London Rocket,Lansdowne,-33.899108,150.984505,2/8/2024 10:18,herb (7)
Sisyrinchium micranthum,,Not in a reserve,-33.943214,151.045532,22/10/2021 11:02,geophyte (1); herb (7)
Sisyrinchium micranthum,,Lansdowne,-33.89827,150.976273,4/10/2023 14:00,geophyte (1); herb (7)
Smilax australis,,Not in a reserve,-33.916667,151.116667,,climber (7); climber_herbaceous (9); climber_woody (2); herb (1)
Smilax australis,,Not in a reserve,-33.916667,151.116667,,climber (7); climber_herbaceous (9); climber_woody (2); herb (1)
Solanum betaceum,Tamarillo,Not in a reserve,-33.916667,151.016667,10/10/1941 0:00,tree (5)
Solanum brownii,Giant Devil's Fig,Bellevue,-33.910871,150.998776,1/5/2004 12:00,
Solanum campanulatum,,Lambeth Reserve,-33.971772,150.996708,1/5/2004 12:00,
Solanum campanulatum,,"Lot 5, Prescot Parade Prescot Parade",-33.9447853,150.9769274,1/5/2004 12:00,
Solanum chrysotrichum,Devil`s Fig,Not in a reserve,-33.97,151.04,18/11/2021 0:00,shrub (4); tree (2)
Solanum chrysotrichum,Devil`s Fig,Not in a reserve,-33.97,151.04,19/10/2023 0:00,shrub (4); tree (2)
Solanum linearifolium,,Deepwater,-33.949122,150.973361,14/3/2018 0:00,shrub (6); tree (1)
Solanum linearifolium,,Deepwater,-33.949122,150.973361,14/3/2018 0:00,shrub (6); tree (1)
Solanum pungetium,Eastern Nightshade,Not in a reserve,-33.91509,151.084491,1/9/1904 0:00,herb (7); shrub (1); subshrub (2)
Solanum vescum,Kangaroo Apple,Norfolk Reserve,-33.893604,151.062656,1/5/2004 12:00,
Solenogyne dominii,,Crest,-33.908539,150.99598,1/5/2004 12:00,
Solenogyne dominii,,Lansdowne,-33.896245,150.978391,1/5/2004 12:00,
Solidago altissima,Goldenrod,The River Reserve,-33.972133,151.015581,11/3/2023 13:20,herb (1)
Solidago canadensis,Canadian Goldenrod,The River Reserve,-33.969546,151.016111,1/5/2004 12:00,
Soliva sp.,,Crest,-33.908539,150.99598,1/5/2004 12:00,
Sorghum bicolor,Grain Sorghum,Not in a reserve,-33.943947,151.052567,9/2/2021 10:28,graminoid (6); herb (5); tussock (2)
Sparganium subglobosum,Floating Bur-reed,Not in a reserve,-33.91509,151.084491,2/7/1911 0:00,herb (5)
Spathodea campanulata,West African Tulip Tree,Not in a reserve,-33.889059,150.984657,29/3/2015 11:33,climber_herbaceous (1); tree (2)
Spergularia marina,,Not in a reserve,-33.916667,151.116667,9/7/1965 0:00,herb (11)
Sphagnum australe,,Lansdowne,-33.89425234,150.9770558,9/11/2023 12:00,
Spinifex sericeus,Beach Spinifex,Not in a reserve,-33.91509,151.084491,1/4/1931 0:00,graminoid (6); graminoid_not_tussock (1); herb (5); tussock (3)
Spinifex sericeus,Beach Spinifex,Not in a reserve,-33.91509,151.084491,1/4/1931 0:00,graminoid (6); graminoid_not_tussock (1); herb (5); tussock (3)
Sporadanthus gracilis,,Not in a reserve,-33.979289,151.007574,17/2/2011 0:00,graminoid (3); herb (3); tussock (1)
Sporobolus pyramidalis,Giant Parramatta Grass,Flood Reserve,-33.935995,151.021996,1/5/2004 12:00,
Stephania spp.,Snake Vine,Marion Reserve,-33.914839,151.010151,1/5/2004 12:00,
Stylidium productum,,Not in a reserve,-33.97725,151.003955,23/11/2021 15:26,herb (3)
Stypandra glauca,,Not in a reserve,-33.916667,151.016667,,herb (9)
Styphelia laeta subsp. laeta,,Dilke Reserve,-33.972867,151.035019,1/5/2004 12:00,shrub (3)
Styphelia viridis,,Not in a reserve,-33.971219,151.028823,14/12/2010 0:00,shrub (5)
Styphelia viridis,,Not in a reserve,-33.9569639,150.984274,,shrub (5)
Swainsona formosa,Sturt Pea,Not in a reserve,-33.880972,150.999992,29/3/2013 15:52,herb (6)
Swainsona galegifolia,,Crest,-33.911035,150.996728,7/3/2008 0:00,herb (2); shrub (5)
Syzygium luehmannii,,Deepwater,-33.949066,150.976607,1/5/2004 12:00,
Syzygium moorei,Durobby,Not in a reserve,-33.912606,151.034377,21/3/2022 0:00,tree (4)
Taraxacum,,Lansdowne,-33.89427,150.97705,6/11/2014 0:00,
Taraxacum,,Lansdowne,-33.900655,150.975598,4/5/2021 0:00,
Taraxum officinale,Dandelion,Roberts Road Reserve,-33.90619,151.065494,1/5/2004 12:00,
Teline monospessulana,Montpellier Broom,Salt Pan Reserve,-33.946515,151.039711,1/5/2004 12:00,
Tetraria capillaris,,Not in a reserve,-33.97447,151.007351,14/12/2010 0:00,graminoid (5); herb (6); tussock (1)
Tetraria capillaris,,Not in a reserve,-33.97447,151.007351,14/12/2010 0:00,graminoid (5); herb (6); tussock (1)
Tetratheca neglecta,,Not in a reserve,-33.973447,151.038284,28/5/2009 0:00,shrub (2)
Teucrium argutum,Native Germander,Not in a reserve,-33.933333,150.983333,29/4/1993 0:00,herb (2)
Thaumatophyllum bipinnatifidum,Philodendron,Not in a reserve,-33.915992,151.09722,17/4/2020 13:57,
Thelionema caespitosum,,Not in a reserve,-33.916667,151.1,1886-11-27 00:00:00,herb (9); tussock (1)
Thelionema caespitosum,,Not in a reserve,-33.971219,151.028823,14/12/2010 0:00,herb (9); tussock (1)
Thelymitra carnea,,Not in a reserve,-33.971395,151.028552,19/9/2021 14:18,herb (7)
Thelymitra sp.,Sun Orchid,Dilke Reserve,-33.972867,151.035019,1/5/2004 12:00,
Thelymitra sp.,Sun Orchid,Salt Pan Reserve,-33.946515,151.039711,1/5/2004 12:00,
Thysanotus juncifolius,,Not in a reserve,-33.97447,151.007351,14/12/2010 0:00,graminoid (1); herb (7)
Thysanotus juncifolius,,Not in a reserve,-33.977445,151.015948,21/2/2022 12:09,graminoid (1); herb (7)
Thysanotus spp.,Fringe Lily,Deepwater,-33.949066,150.976607,1/5/2004 12:00,
Toona ciliata,,Deepwater,-33.947905,150.972817,16/4/2007 0:00,tree (8)
Toona ciliata,,Not in a reserve,-33.951399,150.974736,13/4/2011 0:00,tree (8)
Trachelospermum jasminoides,,Not in a reserve,-33.917206,151.022384,28/9/2024 8:47,
Tradescantia majus,Wandering Jew,Salt Pan Reserve,-33.946515,151.039711,1/5/2004 12:00,
Tradescantia sp.,Wandering Jew,Amaroo,-33.908,150.982962,1/5/2004 12:00,
Triglochin microtuberosa,,Salt Pan Reserve,-33.946515,151.039711,1/5/2004 12:00,
Triticum aestivum,Wheat,Band Hall Reserve,-33.89711,151.02064,10/9/2023 0:00,graminoid (6); herb (4)
Triticum aestivum,Wheat,Band Hall Reserve,-33.897115,151.020637,10/9/2023 11:55,graminoid (6); herb (4)
Tritonia gladiolaris,Lined Tritonia,Not in a reserve,-33.972303,151.031997,23/9/2024 9:59,herb (6)
Tulbaghia violacea,Society Garlic,Not in a reserve,-33.944646,150.990702,23/11/2015 0:00,herb (1)
Typha domingensis,,Kelso Creek,-33.950301,150.984015,1/5/2004 12:00,
Typha spp.,,Thomas Street Depot,-33.96590278,151.013035,1/5/2004 12:00,
Typha spp.,,Salt Pan Reserve,-33.946515,151.039711,1/5/2004 12:00,
Typhonium sp.,Typhonium,Crest,-33.908539,150.99598,1/5/2004 12:00,
Urochloa panicoides,,Lansdowne,-33.903896,150.980606,26/11/2023 13:12,graminoid (3); herb (2)
Urtica dioica,,Lansdowne,-33.89297001,150.9768421,23/10/2024 12:00,
Urtica incisa,,Deepwater,-33.949066,150.976607,1/5/2004 12:00,herb (12); shrub (1)
Urtica incisa,,Deepwater,-33.945555,150.979018,23/11/2015 0:00,herb (12); shrub (1)
Utricularia australis,,Not in a reserve,-33.976178,151.00396,1/10/1986 0:00,herb (8)
Utricularia australis,,Not in a reserve,-33.933333,151.0175,18/10/2012 0:00,herb (8)
Utricularia lateriflora,,Not in a reserve,-33.976178,151.00396,1/10/1986 0:00,herb (7)
Utricularia subulata,Bladderwort,Not in a reserve,-33.966372,150.998829,36:58.0,herb (3)
Utricularia uliginosa,,Not in a reserve,-33.976178,151.00396,1/10/1986 0:00,herb (6)
Vernonia sp.,Ironweed,Salt Pan Reserve,-33.946515,151.039711,1/5/2004 12:00,
Vernonia sp.,Ironweed,Ashford Reserve,-33.930003,150.984825,1/5/2004 12:00,
Veronica calycina,Forest Speedwell,East Hills Park,-33.96446,150.982875,1/5/2004 12:00,
Veronica calycina,Forest Speedwell,Tucker,-33.906268,151.002871,1/5/2004 12:00,
Veronica lithophila,,Not in a reserve,-33.966667,151,,herb (2)
Viburnum odoratissimum,,Not in a reserve,-33.917286,151.086075,4/9/2022 11:19,shrub (1); tree (1)
Vicia faba,Broad Bean,Not in a reserve,-33.929974,151.082119,47:28.8,herb (2)
Vicia hirsuta,Hairy Vetch,Not in a reserve,-33.926476,151.085356,8/5/2024 7:14,herb (6)
Vicia hirsuta,Hairy Vetch,Not in a reserve,-33.898606,151.043164,2/8/2024 12:52,herb (6)
Vicia sp.,Vetch,Jenson Pk,-33.883502,151.01767,1/5/2004 12:00,
Vincetoxicum woollsii,Cryptic Forest Twiner,Norfolk Reserve,-33.893288,151.06232,24/8/2022 0:00,climber_herbaceous (4)
Vincetoxicum woollsii,Cryptic Forest Twiner,Not in a reserve,-33.893452,151.063212,23/3/2023 7:56,climber_herbaceous (4)
Viola betonicifolia,,Crest,-33.909349,150.994229,8/10/2004 0:00,herb (9)
Viola betonicifolia,,Band Hall Reserve,-33.896915,151.018952,23/3/2023 12:07,herb (9)
Vittadinia cuneata var. cuneata,,Lansdowne,-33.893423,150.974886,6/11/2014 0:00,herb (7)
Vittadinia cuneata var. cuneata,,Lansdowne,-33.892047,150.971275,23/5/2018 0:00,herb (7)
Vittadinia gracilis,Woolly New Holland Daisy,Miram-Beena,-33.890825,150.971402,24/9/2024 10:59,herb (5); shrub (1); subshrub (3)
Vittadinia spp.,New Holland Daisy,Manahan Reserve,-33.92033,151.006218,1/5/2004 12:00,
Vittadinia spp.,New Holland Daisy,Tucker,-33.906268,151.002871,1/5/2004 12:00,
Vulpia sp.,,Jenson Pk,-33.883502,151.01767,1/5/2004 12:00,
Vulpia sp.,,Walshaw Park,-33.901345,151.004631,1/5/2004 12:00,
Wahlenbergia ceracea,Waxy Bluebell,Deepwater,-33.950022,150.975958,5/2/2014 0:00,herb (6)
Wahlenbergia sp.,,Walshaw Park,-33.901345,151.004631,1/5/2004 12:00,
Watsonia angusta-bulbiferum,Bulbil Watsonia,Airport Reserve,-33.929014,150.985006,1/5/2004 12:00,
Watsonia bulbifera,Bulbil Watsonia,Virginius Reserve,-33.960678,151.022552,1/5/2004 12:00,
Watsonia sp.,Watsonia,Salt Pan Reserve,-33.946515,151.039711,1/5/2004 12:00,
Westringia eremicola,Slender Westringia,Not in a reserve,-33.976075,151.013428,21/5/2023 13:23,shrub (9)
Wurmbea dioica subsp. dioica,Early Nancy,Lansdowne,-33.896626,150.977958,21/12/1998 0:00,herb (7)
Wurmbea dioica subsp. dioica,Early Nancy,Lansdowne,-33.896631,150.977972,21/12/1998 0:00,herb (7)
Wurmbea piperita,,Churchill Reserve,-33.969913,151.028269,1/5/2004 12:00,
Xanthoraceae sp.,Grass Tree,Norfolk Reserve,-33.893604,151.062656,1/5/2004 12:00,
Xanthorrhoea latifolia,Grass Tree,Thomas Street Depot,-33.96590278,151.013035,1/5/2004 12:00,
Xyris complanata,Yellow-eye,Not in a reserve,-33.917139,150.979199,3/12/2024 12:14,herb (7)
Youngia japonica,,Not in a reserve,-33.88949,151.051153,18/8/2023 12:21,herb (4)
Youngia japonica,,Not in a reserve,-33.878673,151.006382,5/9/2024 17:58,herb (4)
Yucca spp.,Yucca,The River Reserve,-33.969546,151.016111,1/5/2004 12:00,
Yucca spp.,Yucca,Thomas Street Depot,-33.96590278,151.013035,1/5/2004 12:00,
Zieria laevigata,Smooth Zieria,The River Reserve,-33.969546,151.016111,1/5/2004 12:00,
Zornia dyctiocarpa var. dyctiocarpa,,Lansdowne,-33.900035,150.980159,7/3/2008 0:00,
logania albiflora,,The Crest Reserve,-33.91092254,150.998445,6/11/2023 12:00,shrub (14); tree (2)
logania albiflora,,Lansdowne,-33.89212877,150.9740341,21/11/2023 12:00,shrub (14); tree (2)